conflict_group_id,occurrences,label_count,labels,label_counts,source_file_count,source_files
1,5,2,BENIGN | DDoS,BENIGN: 1 | DDoS: 4,2,Friday-WorkingHours-Afternoon-DDos.pcap_ISCX.csv | Thursday-WorkingHours-Afternoon-Infilteration.pcap_ISCX.csv
2,5,2,BENIGN | PortScan,BENIGN: 1 | PortScan: 4,2,Friday-WorkingHours-Afternoon-PortScan.pcap_ISCX.csv | Thursday-WorkingHours-Afternoon-Infilteration.pcap_ISCX.csv
3,3,2,BENIGN | PortScan,BENIGN: 1 | PortScan: 2,2,Friday-WorkingHours-Afternoon-PortScan.pcap_ISCX.csv | Thursday-WorkingHours-Afternoon-Infilteration.pcap_ISCX.csv
4,3,2,BENIGN | PortScan,BENIGN: 1 | PortScan: 2,2,Friday-WorkingHours-Afternoon-PortScan.pcap_ISCX.csv | Thursday-WorkingHours-Afternoon-Infilteration.pcap_ISCX.csv
5,4,2,BENIGN | PortScan,BENIGN: 1 | PortScan: 3,2,Friday-WorkingHours-Afternoon-PortScan.pcap_ISCX.csv | Thursday-WorkingHours-Afternoon-Infilteration.pcap_ISCX.csv
6,12,2,BENIGN | PortScan,BENIGN: 1 | PortScan: 11,2,Friday-WorkingHours-Afternoon-PortScan.pcap_ISCX.csv | Thursday-WorkingHours-Afternoon-Infilteration.pcap_ISCX.csv
7,8,2,BENIGN | PortScan,BENIGN: 1 | PortScan: 7,2,Friday-WorkingHours-Afternoon-PortScan.pcap_ISCX.csv | Thursday-WorkingHours-Afternoon-Infilteration.pcap_ISCX.csv
8,4,2,BENIGN | PortScan,BENIGN: 1 | PortScan: 3,2,Friday-WorkingHours-Afternoon-PortScan.pcap_ISCX.csv | Thursday-WorkingHours-Afternoon-Infilteration.pcap_ISCX.csv
9,12,2,BENIGN | PortScan,BENIGN: 1 | PortScan: 11,2,Friday-WorkingHours-Afternoon-PortScan.pcap_ISCX.csv | Thursday-WorkingHours-Afternoon-Infilteration.pcap_ISCX.csv
10,7,2,BENIGN | PortScan,BENIGN: 1 | PortScan: 6,2,Friday-WorkingHours-Afternoon-PortScan.pcap_ISCX.csv | Thursday-WorkingHours-Afternoon-Infilteration.pcap_ISCX.csv
11,6,2,BENIGN | PortScan,BENIGN: 1 | PortScan: 5,2,Friday-WorkingHours-Afternoon-PortScan.pcap_ISCX.csv | Thursday-WorkingHours-Afternoon-Infilteration.pcap_ISCX.csv
12,7,2,BENIGN | PortScan,BENIGN: 1 | PortScan: 6,2,Friday-WorkingHours-Afternoon-PortScan.pcap_ISCX.csv | Thursday-WorkingHours-Afternoon-Infilteration.pcap_ISCX.csv
13,5,2,BENIGN | PortScan,BENIGN: 1 | PortScan: 4,2,Friday-WorkingHours-Afternoon-PortScan.pcap_ISCX.csv | Thursday-WorkingHours-Afternoon-Infilteration.pcap_ISCX.csv
14,4,2,BENIGN | PortScan,BENIGN: 1 | PortScan: 3,2,Friday-WorkingHours-Afternoon-PortScan.pcap_ISCX.csv | Thursday-WorkingHours-Afternoon-Infilteration.pcap_ISCX.csv
15,14,2,BENIGN | PortScan,BENIGN: 1 | PortScan: 13,2,Friday-WorkingHours-Afternoon-PortScan.pcap_ISCX.csv | Thursday-WorkingHours-Afternoon-Infilteration.pcap_ISCX.csv
16,6,2,BENIGN | PortScan,BENIGN: 1 | PortScan: 5,2,Friday-WorkingHours-Afternoon-PortScan.pcap_ISCX.csv | Thursday-WorkingHours-Afternoon-Infilteration.pcap_ISCX.csv
17,5,2,BENIGN | PortScan,BENIGN: 1 | PortScan: 4,2,Friday-WorkingHours-Afternoon-PortScan.pcap_ISCX.csv | Thursday-WorkingHours-Afternoon-Infilteration.pcap_ISCX.csv
18,8,2,BENIGN | PortScan,BENIGN: 1 | PortScan: 7,2,Friday-WorkingHours-Afternoon-PortScan.pcap_ISCX.csv | Thursday-WorkingHours-Afternoon-Infilteration.pcap_ISCX.csv
19,4,2,BENIGN | PortScan,BENIGN: 1 | PortScan: 3,2,Friday-WorkingHours-Afternoon-PortScan.pcap_ISCX.csv | Thursday-WorkingHours-Afternoon-Infilteration.pcap_ISCX.csv
20,5,2,BENIGN | PortScan,BENIGN: 1 | PortScan: 4,2,Friday-WorkingHours-Afternoon-PortScan.pcap_ISCX.csv | Thursday-WorkingHours-Afternoon-Infilteration.pcap_ISCX.csv
21,3,2,BENIGN | PortScan,BENIGN: 1 | PortScan: 2,2,Friday-WorkingHours-Afternoon-PortScan.pcap_ISCX.csv | Thursday-WorkingHours-Afternoon-Infilteration.pcap_ISCX.csv
22,7,2,BENIGN | PortScan,BENIGN: 1 | PortScan: 6,2,Friday-WorkingHours-Afternoon-PortScan.pcap_ISCX.csv | Thursday-WorkingHours-Afternoon-Infilteration.pcap_ISCX.csv
23,5,2,BENIGN | PortScan,BENIGN: 1 | PortScan: 4,2,Friday-WorkingHours-Afternoon-PortScan.pcap_ISCX.csv | Thursday-WorkingHours-Afternoon-Infilteration.pcap_ISCX.csv
24,8,2,BENIGN | PortScan,BENIGN: 1 | PortScan: 7,2,Friday-WorkingHours-Afternoon-PortScan.pcap_ISCX.csv | Thursday-WorkingHours-Afternoon-Infilteration.pcap_ISCX.csv
25,3,2,BENIGN | PortScan,BENIGN: 1 | PortScan: 2,2,Friday-WorkingHours-Afternoon-PortScan.pcap_ISCX.csv | Thursday-WorkingHours-Afternoon-Infilteration.pcap_ISCX.csv
26,4,2,BENIGN | PortScan,BENIGN: 1 | PortScan: 3,2,Friday-WorkingHours-Afternoon-PortScan.pcap_ISCX.csv | Thursday-WorkingHours-Afternoon-Infilteration.pcap_ISCX.csv
27,4,2,BENIGN | PortScan,BENIGN: 1 | PortScan: 3,2,Friday-WorkingHours-Afternoon-PortScan.pcap_ISCX.csv | Thursday-WorkingHours-Afternoon-Infilteration.pcap_ISCX.csv
28,6,2,BENIGN | PortScan,BENIGN: 1 | PortScan: 5,2,Friday-WorkingHours-Afternoon-PortScan.pcap_ISCX.csv | Thursday-WorkingHours-Afternoon-Infilteration.pcap_ISCX.csv
29,5,2,BENIGN | PortScan,BENIGN: 1 | PortScan: 4,2,Friday-WorkingHours-Afternoon-PortScan.pcap_ISCX.csv | Thursday-WorkingHours-Afternoon-Infilteration.pcap_ISCX.csv
30,5,2,BENIGN | PortScan,BENIGN: 1 | PortScan: 4,2,Friday-WorkingHours-Afternoon-PortScan.pcap_ISCX.csv | Thursday-WorkingHours-Afternoon-Infilteration.pcap_ISCX.csv
31,6,2,BENIGN | PortScan,BENIGN: 1 | PortScan: 5,2,Friday-WorkingHours-Afternoon-PortScan.pcap_ISCX.csv | Thursday-WorkingHours-Afternoon-Infilteration.pcap_ISCX.csv
32,3,2,BENIGN | PortScan,BENIGN: 1 | PortScan: 2,2,Friday-WorkingHours-Afternoon-PortScan.pcap_ISCX.csv | Thursday-WorkingHours-Afternoon-Infilteration.pcap_ISCX.csv
33,3,2,BENIGN | PortScan,BENIGN: 1 | PortScan: 2,2,Friday-WorkingHours-Afternoon-PortScan.pcap_ISCX.csv | Thursday-WorkingHours-Afternoon-Infilteration.pcap_ISCX.csv
34,7,2,BENIGN | PortScan,BENIGN: 1 | PortScan: 6,2,Friday-WorkingHours-Afternoon-PortScan.pcap_ISCX.csv | Thursday-WorkingHours-Afternoon-Infilteration.pcap_ISCX.csv
35,10,2,BENIGN | PortScan,BENIGN: 1 | PortScan: 9,2,Friday-WorkingHours-Afternoon-PortScan.pcap_ISCX.csv | Thursday-WorkingHours-Afternoon-Infilteration.pcap_ISCX.csv
36,6,2,BENIGN | PortScan,BENIGN: 1 | PortScan: 5,2,Friday-WorkingHours-Afternoon-PortScan.pcap_ISCX.csv | Thursday-WorkingHours-Afternoon-Infilteration.pcap_ISCX.csv
37,6,2,BENIGN | PortScan,BENIGN: 1 | PortScan: 5,2,Friday-WorkingHours-Afternoon-PortScan.pcap_ISCX.csv | Thursday-WorkingHours-Afternoon-Infilteration.pcap_ISCX.csv
38,5,2,BENIGN | PortScan,BENIGN: 1 | PortScan: 4,2,Friday-WorkingHours-Afternoon-PortScan.pcap_ISCX.csv | Thursday-WorkingHours-Afternoon-Infilteration.pcap_ISCX.csv
39,5,2,BENIGN | PortScan,BENIGN: 1 | PortScan: 4,2,Friday-WorkingHours-Afternoon-PortScan.pcap_ISCX.csv | Thursday-WorkingHours-Afternoon-Infilteration.pcap_ISCX.csv
40,3,2,BENIGN | PortScan,BENIGN: 1 | PortScan: 2,2,Friday-WorkingHours-Afternoon-PortScan.pcap_ISCX.csv | Thursday-WorkingHours-Afternoon-Infilteration.pcap_ISCX.csv
41,3,2,BENIGN | PortScan,BENIGN: 1 | PortScan: 2,2,Friday-WorkingHours-Afternoon-PortScan.pcap_ISCX.csv | Thursday-WorkingHours-Afternoon-Infilteration.pcap_ISCX.csv
42,4,2,BENIGN | PortScan,BENIGN: 1 | PortScan: 3,2,Friday-WorkingHours-Afternoon-PortScan.pcap_ISCX.csv | Thursday-WorkingHours-Afternoon-Infilteration.pcap_ISCX.csv
43,4,2,BENIGN | PortScan,BENIGN: 1 | PortScan: 3,2,Friday-WorkingHours-Afternoon-PortScan.pcap_ISCX.csv | Thursday-WorkingHours-Afternoon-Infilteration.pcap_ISCX.csv
44,3,2,BENIGN | PortScan,BENIGN: 1 | PortScan: 2,2,Friday-WorkingHours-Afternoon-PortScan.pcap_ISCX.csv | Thursday-WorkingHours-Afternoon-Infilteration.pcap_ISCX.csv
45,5,2,BENIGN | PortScan,BENIGN: 1 | PortScan: 4,2,Friday-WorkingHours-Afternoon-PortScan.pcap_ISCX.csv | Thursday-WorkingHours-Afternoon-Infilteration.pcap_ISCX.csv
46,4,2,BENIGN | PortScan,BENIGN: 1 | PortScan: 3,2,Friday-WorkingHours-Afternoon-PortScan.pcap_ISCX.csv | Thursday-WorkingHours-Afternoon-Infilteration.pcap_ISCX.csv
47,4,2,BENIGN | PortScan,BENIGN: 1 | PortScan: 3,2,Friday-WorkingHours-Afternoon-PortScan.pcap_ISCX.csv | Thursday-WorkingHours-Afternoon-Infilteration.pcap_ISCX.csv
48,4,2,BENIGN | PortScan,BENIGN: 1 | PortScan: 3,2,Friday-WorkingHours-Afternoon-PortScan.pcap_ISCX.csv | Thursday-WorkingHours-Afternoon-Infilteration.pcap_ISCX.csv
49,4,2,BENIGN | PortScan,BENIGN: 1 | PortScan: 3,2,Friday-WorkingHours-Afternoon-PortScan.pcap_ISCX.csv | Thursday-WorkingHours-Afternoon-Infilteration.pcap_ISCX.csv
50,3,2,BENIGN | PortScan,BENIGN: 1 | PortScan: 2,2,Friday-WorkingHours-Afternoon-PortScan.pcap_ISCX.csv | Thursday-WorkingHours-Afternoon-Infilteration.pcap_ISCX.csv
51,6,2,BENIGN | PortScan,BENIGN: 1 | PortScan: 5,2,Friday-WorkingHours-Afternoon-PortScan.pcap_ISCX.csv | Thursday-WorkingHours-Afternoon-Infilteration.pcap_ISCX.csv
52,4,2,BENIGN | PortScan,BENIGN: 1 | PortScan: 3,2,Friday-WorkingHours-Afternoon-PortScan.pcap_ISCX.csv | Thursday-WorkingHours-Afternoon-Infilteration.pcap_ISCX.csv
53,3,2,BENIGN | PortScan,BENIGN: 1 | PortScan: 2,2,Friday-WorkingHours-Afternoon-PortScan.pcap_ISCX.csv | Thursday-WorkingHours-Afternoon-Infilteration.pcap_ISCX.csv
54,3,2,BENIGN | PortScan,BENIGN: 1 | PortScan: 2,2,Friday-WorkingHours-Afternoon-PortScan.pcap_ISCX.csv | Thursday-WorkingHours-Afternoon-Infilteration.pcap_ISCX.csv
55,5,2,BENIGN | PortScan,BENIGN: 1 | PortScan: 4,2,Friday-WorkingHours-Afternoon-PortScan.pcap_ISCX.csv | Thursday-WorkingHours-Afternoon-Infilteration.pcap_ISCX.csv
56,5,2,BENIGN | PortScan,BENIGN: 1 | PortScan: 4,2,Friday-WorkingHours-Afternoon-PortScan.pcap_ISCX.csv | Thursday-WorkingHours-Afternoon-Infilteration.pcap_ISCX.csv
57,4,2,BENIGN | PortScan,BENIGN: 1 | PortScan: 3,2,Friday-WorkingHours-Afternoon-PortScan.pcap_ISCX.csv | Thursday-WorkingHours-Afternoon-Infilteration.pcap_ISCX.csv
58,4,2,BENIGN | PortScan,BENIGN: 1 | PortScan: 3,2,Friday-WorkingHours-Afternoon-PortScan.pcap_ISCX.csv | Thursday-WorkingHours-Afternoon-Infilteration.pcap_ISCX.csv
59,4,2,BENIGN | PortScan,BENIGN: 1 | PortScan: 3,2,Friday-WorkingHours-Afternoon-PortScan.pcap_ISCX.csv | Thursday-WorkingHours-Afternoon-Infilteration.pcap_ISCX.csv
60,3,2,BENIGN | PortScan,BENIGN: 1 | PortScan: 2,2,Friday-WorkingHours-Afternoon-PortScan.pcap_ISCX.csv | Thursday-WorkingHours-Afternoon-Infilteration.pcap_ISCX.csv
61,3,2,BENIGN | PortScan,BENIGN: 1 | PortScan: 2,2,Friday-WorkingHours-Afternoon-PortScan.pcap_ISCX.csv | Thursday-WorkingHours-Afternoon-Infilteration.pcap_ISCX.csv
62,3,2,BENIGN | PortScan,BENIGN: 1 | PortScan: 2,2,Friday-WorkingHours-Afternoon-PortScan.pcap_ISCX.csv | Thursday-WorkingHours-Afternoon-Infilteration.pcap_ISCX.csv
63,3,2,BENIGN | PortScan,BENIGN: 1 | PortScan: 2,2,Friday-WorkingHours-Afternoon-PortScan.pcap_ISCX.csv | Thursday-WorkingHours-Afternoon-Infilteration.pcap_ISCX.csv
64,3,2,BENIGN | PortScan,BENIGN: 1 | PortScan: 2,2,Friday-WorkingHours-Afternoon-PortScan.pcap_ISCX.csv | Thursday-WorkingHours-Afternoon-Infilteration.pcap_ISCX.csv
65,7,2,BENIGN | PortScan,BENIGN: 1 | PortScan: 6,2,Friday-WorkingHours-Afternoon-PortScan.pcap_ISCX.csv | Thursday-WorkingHours-Afternoon-Infilteration.pcap_ISCX.csv
66,6,2,BENIGN | PortScan,BENIGN: 1 | PortScan: 5,2,Friday-WorkingHours-Afternoon-PortScan.pcap_ISCX.csv | Thursday-WorkingHours-Afternoon-Infilteration.pcap_ISCX.csv
67,3,2,BENIGN | PortScan,BENIGN: 1 | PortScan: 2,2,Friday-WorkingHours-Afternoon-PortScan.pcap_ISCX.csv | Thursday-WorkingHours-Afternoon-Infilteration.pcap_ISCX.csv
68,4,2,BENIGN | PortScan,BENIGN: 1 | PortScan: 3,2,Friday-WorkingHours-Afternoon-PortScan.pcap_ISCX.csv | Thursday-WorkingHours-Afternoon-Infilteration.pcap_ISCX.csv
69,3,2,BENIGN | PortScan,BENIGN: 1 | PortScan: 2,2,Friday-WorkingHours-Afternoon-PortScan.pcap_ISCX.csv | Thursday-WorkingHours-Afternoon-Infilteration.pcap_ISCX.csv
70,3,2,BENIGN | PortScan,BENIGN: 1 | PortScan: 2,2,Friday-WorkingHours-Afternoon-PortScan.pcap_ISCX.csv | Thursday-WorkingHours-Afternoon-Infilteration.pcap_ISCX.csv
71,4,2,BENIGN | PortScan,BENIGN: 1 | PortScan: 3,2,Friday-WorkingHours-Afternoon-PortScan.pcap_ISCX.csv | Thursday-WorkingHours-Afternoon-Infilteration.pcap_ISCX.csv
72,3,2,BENIGN | PortScan,BENIGN: 1 | PortScan: 2,2,Friday-WorkingHours-Afternoon-PortScan.pcap_ISCX.csv | Thursday-WorkingHours-Afternoon-Infilteration.pcap_ISCX.csv
73,3,2,BENIGN | PortScan,BENIGN: 1 | PortScan: 2,2,Friday-WorkingHours-Afternoon-PortScan.pcap_ISCX.csv | Thursday-WorkingHours-Afternoon-Infilteration.pcap_ISCX.csv
74,3,2,BENIGN | PortScan,BENIGN: 1 | PortScan: 2,2,Friday-WorkingHours-Afternoon-PortScan.pcap_ISCX.csv | Thursday-WorkingHours-Afternoon-Infilteration.pcap_ISCX.csv
75,6,2,BENIGN | PortScan,BENIGN: 1 | PortScan: 5,2,Friday-WorkingHours-Afternoon-PortScan.pcap_ISCX.csv | Thursday-WorkingHours-Afternoon-Infilteration.pcap_ISCX.csv
76,5,2,BENIGN | PortScan,BENIGN: 1 | PortScan: 4,2,Friday-WorkingHours-Afternoon-PortScan.pcap_ISCX.csv | Thursday-WorkingHours-Afternoon-Infilteration.pcap_ISCX.csv
77,3,2,BENIGN | PortScan,BENIGN: 1 | PortScan: 2,2,Friday-WorkingHours-Afternoon-PortScan.pcap_ISCX.csv | Thursday-WorkingHours-Afternoon-Infilteration.pcap_ISCX.csv
78,3,2,BENIGN | PortScan,BENIGN: 1 | PortScan: 2,2,Friday-WorkingHours-Afternoon-PortScan.pcap_ISCX.csv | Thursday-WorkingHours-Afternoon-Infilteration.pcap_ISCX.csv
79,3,2,BENIGN | PortScan,BENIGN: 1 | PortScan: 2,2,Friday-WorkingHours-Afternoon-PortScan.pcap_ISCX.csv | Thursday-WorkingHours-Afternoon-Infilteration.pcap_ISCX.csv
80,3,2,BENIGN | PortScan,BENIGN: 1 | PortScan: 2,2,Friday-WorkingHours-Afternoon-PortScan.pcap_ISCX.csv | Thursday-WorkingHours-Afternoon-Infilteration.pcap_ISCX.csv
81,5,2,BENIGN | PortScan,BENIGN: 1 | PortScan: 4,2,Friday-WorkingHours-Afternoon-PortScan.pcap_ISCX.csv | Thursday-WorkingHours-Afternoon-Infilteration.pcap_ISCX.csv
82,3,2,BENIGN | PortScan,BENIGN: 1 | PortScan: 2,2,Friday-WorkingHours-Afternoon-PortScan.pcap_ISCX.csv | Thursday-WorkingHours-Afternoon-Infilteration.pcap_ISCX.csv
83,4,2,BENIGN | PortScan,BENIGN: 1 | PortScan: 3,2,Friday-WorkingHours-Afternoon-PortScan.pcap_ISCX.csv | Thursday-WorkingHours-Afternoon-Infilteration.pcap_ISCX.csv
84,3,2,BENIGN | PortScan,BENIGN: 1 | PortScan: 2,2,Friday-WorkingHours-Afternoon-PortScan.pcap_ISCX.csv | Thursday-WorkingHours-Afternoon-Infilteration.pcap_ISCX.csv
85,5,2,BENIGN | PortScan,BENIGN: 1 | PortScan: 4,2,Friday-WorkingHours-Afternoon-PortScan.pcap_ISCX.csv | Thursday-WorkingHours-Afternoon-Infilteration.pcap_ISCX.csv
86,8,2,BENIGN | PortScan,BENIGN: 1 | PortScan: 7,2,Friday-WorkingHours-Afternoon-PortScan.pcap_ISCX.csv | Thursday-WorkingHours-Afternoon-Infilteration.pcap_ISCX.csv
87,3,2,BENIGN | PortScan,BENIGN: 1 | PortScan: 2,2,Friday-WorkingHours-Afternoon-PortScan.pcap_ISCX.csv | Thursday-WorkingHours-Afternoon-Infilteration.pcap_ISCX.csv
88,5,2,BENIGN | PortScan,BENIGN: 1 | PortScan: 4,2,Friday-WorkingHours-Afternoon-PortScan.pcap_ISCX.csv | Thursday-WorkingHours-Afternoon-Infilteration.pcap_ISCX.csv
89,8,2,BENIGN | PortScan,BENIGN: 1 | PortScan: 7,2,Friday-WorkingHours-Afternoon-PortScan.pcap_ISCX.csv | Thursday-WorkingHours-Afternoon-Infilteration.pcap_ISCX.csv
90,5,2,BENIGN | PortScan,BENIGN: 1 | PortScan: 4,2,Friday-WorkingHours-Afternoon-PortScan.pcap_ISCX.csv | Thursday-WorkingHours-Afternoon-Infilteration.pcap_ISCX.csv
91,3,2,BENIGN | PortScan,BENIGN: 1 | PortScan: 2,2,Friday-WorkingHours-Afternoon-PortScan.pcap_ISCX.csv | Thursday-WorkingHours-Afternoon-Infilteration.pcap_ISCX.csv
92,3,2,BENIGN | PortScan,BENIGN: 1 | PortScan: 2,2,Friday-WorkingHours-Afternoon-PortScan.pcap_ISCX.csv | Thursday-WorkingHours-Afternoon-Infilteration.pcap_ISCX.csv
93,3,2,BENIGN | PortScan,BENIGN: 1 | PortScan: 2,2,Friday-WorkingHours-Afternoon-PortScan.pcap_ISCX.csv | Thursday-WorkingHours-Afternoon-Infilteration.pcap_ISCX.csv
94,6,2,BENIGN | PortScan,BENIGN: 1 | PortScan: 5,2,Friday-WorkingHours-Afternoon-PortScan.pcap_ISCX.csv | Thursday-WorkingHours-Afternoon-Infilteration.pcap_ISCX.csv
95,6,2,BENIGN | PortScan,BENIGN: 1 | PortScan: 5,2,Friday-WorkingHours-Afternoon-PortScan.pcap_ISCX.csv | Thursday-WorkingHours-Afternoon-Infilteration.pcap_ISCX.csv
96,6,2,BENIGN | PortScan,BENIGN: 1 | PortScan: 5,2,Friday-WorkingHours-Afternoon-PortScan.pcap_ISCX.csv | Thursday-WorkingHours-Afternoon-Infilteration.pcap_ISCX.csv
97,6,2,BENIGN | PortScan,BENIGN: 1 | PortScan: 5,2,Friday-WorkingHours-Afternoon-PortScan.pcap_ISCX.csv | Thursday-WorkingHours-Afternoon-Infilteration.pcap_ISCX.csv
98,7,2,BENIGN | PortScan,BENIGN: 1 | PortScan: 6,2,Friday-WorkingHours-Afternoon-PortScan.pcap_ISCX.csv | Thursday-WorkingHours-Afternoon-Infilteration.pcap_ISCX.csv
99,3,2,BENIGN | PortScan,BENIGN: 1 | PortScan: 2,2,Friday-WorkingHours-Afternoon-PortScan.pcap_ISCX.csv | Thursday-WorkingHours-Afternoon-Infilteration.pcap_ISCX.csv
100,3,2,BENIGN | PortScan,BENIGN: 1 | PortScan: 2,2,Friday-WorkingHours-Afternoon-PortScan.pcap_ISCX.csv | Thursday-WorkingHours-Afternoon-Infilteration.pcap_ISCX.csv
101,3,2,BENIGN | PortScan,BENIGN: 1 | PortScan: 2,2,Friday-WorkingHours-Afternoon-PortScan.pcap_ISCX.csv | Thursday-WorkingHours-Afternoon-Infilteration.pcap_ISCX.csv
102,3,2,BENIGN | PortScan,BENIGN: 1 | PortScan: 2,2,Friday-WorkingHours-Afternoon-PortScan.pcap_ISCX.csv | Thursday-WorkingHours-Afternoon-Infilteration.pcap_ISCX.csv
103,3,2,BENIGN | PortScan,BENIGN: 1 | PortScan: 2,2,Friday-WorkingHours-Afternoon-PortScan.pcap_ISCX.csv | Thursday-WorkingHours-Afternoon-Infilteration.pcap_ISCX.csv
104,3,2,BENIGN | PortScan,BENIGN: 1 | PortScan: 2,2,Friday-WorkingHours-Afternoon-PortScan.pcap_ISCX.csv | Thursday-WorkingHours-Afternoon-Infilteration.pcap_ISCX.csv
105,3,2,BENIGN | PortScan,BENIGN: 1 | PortScan: 2,2,Friday-WorkingHours-Afternoon-PortScan.pcap_ISCX.csv | Thursday-WorkingHours-Afternoon-Infilteration.pcap_ISCX.csv
106,3,2,BENIGN | PortScan,BENIGN: 1 | PortScan: 2,2,Friday-WorkingHours-Afternoon-PortScan.pcap_ISCX.csv | Thursday-WorkingHours-Afternoon-Infilteration.pcap_ISCX.csv
107,5,2,BENIGN | PortScan,BENIGN: 1 | PortScan: 4,2,Friday-WorkingHours-Afternoon-PortScan.pcap_ISCX.csv | Thursday-WorkingHours-Afternoon-Infilteration.pcap_ISCX.csv
108,5,2,BENIGN | PortScan,BENIGN: 1 | PortScan: 4,2,Friday-WorkingHours-Afternoon-PortScan.pcap_ISCX.csv | Thursday-WorkingHours-Afternoon-Infilteration.pcap_ISCX.csv
109,4,2,BENIGN | PortScan,BENIGN: 1 | PortScan: 3,2,Friday-WorkingHours-Afternoon-PortScan.pcap_ISCX.csv | Thursday-WorkingHours-Afternoon-Infilteration.pcap_ISCX.csv
110,4,2,BENIGN | PortScan,BENIGN: 1 | PortScan: 3,2,Friday-WorkingHours-Afternoon-PortScan.pcap_ISCX.csv | Thursday-WorkingHours-Afternoon-Infilteration.pcap_ISCX.csv
111,4,2,BENIGN | PortScan,BENIGN: 1 | PortScan: 3,2,Friday-WorkingHours-Afternoon-PortScan.pcap_ISCX.csv | Thursday-WorkingHours-Afternoon-Infilteration.pcap_ISCX.csv
112,3,2,BENIGN | PortScan,BENIGN: 1 | PortScan: 2,2,Friday-WorkingHours-Afternoon-PortScan.pcap_ISCX.csv | Thursday-WorkingHours-Afternoon-Infilteration.pcap_ISCX.csv
113,3,2,BENIGN | PortScan,BENIGN: 1 | PortScan: 2,2,Friday-WorkingHours-Afternoon-PortScan.pcap_ISCX.csv | Thursday-WorkingHours-Afternoon-Infilteration.pcap_ISCX.csv
114,3,2,BENIGN | PortScan,BENIGN: 1 | PortScan: 2,2,Friday-WorkingHours-Afternoon-PortScan.pcap_ISCX.csv | Thursday-WorkingHours-Afternoon-Infilteration.pcap_ISCX.csv
115,3,2,BENIGN | PortScan,BENIGN: 1 | PortScan: 2,2,Friday-WorkingHours-Afternoon-PortScan.pcap_ISCX.csv | Thursday-WorkingHours-Afternoon-Infilteration.pcap_ISCX.csv
116,5,2,BENIGN | PortScan,BENIGN: 1 | PortScan: 4,2,Friday-WorkingHours-Afternoon-PortScan.pcap_ISCX.csv | Thursday-WorkingHours-Afternoon-Infilteration.pcap_ISCX.csv
117,3,2,BENIGN | PortScan,BENIGN: 1 | PortScan: 2,2,Friday-WorkingHours-Afternoon-PortScan.pcap_ISCX.csv | Thursday-WorkingHours-Afternoon-Infilteration.pcap_ISCX.csv
118,3,2,BENIGN | PortScan,BENIGN: 1 | PortScan: 2,2,Friday-WorkingHours-Afternoon-PortScan.pcap_ISCX.csv | Thursday-WorkingHours-Afternoon-Infilteration.pcap_ISCX.csv
119,3,2,BENIGN | PortScan,BENIGN: 1 | PortScan: 2,2,Friday-WorkingHours-Afternoon-PortScan.pcap_ISCX.csv | Thursday-WorkingHours-Afternoon-Infilteration.pcap_ISCX.csv
120,3,2,BENIGN | PortScan,BENIGN: 1 | PortScan: 2,2,Friday-WorkingHours-Afternoon-PortScan.pcap_ISCX.csv | Thursday-WorkingHours-Afternoon-Infilteration.pcap_ISCX.csv
121,3,2,BENIGN | PortScan,BENIGN: 1 | PortScan: 2,2,Friday-WorkingHours-Afternoon-PortScan.pcap_ISCX.csv | Thursday-WorkingHours-Afternoon-Infilteration.pcap_ISCX.csv
122,4,2,BENIGN | PortScan,BENIGN: 1 | PortScan: 3,2,Friday-WorkingHours-Afternoon-PortScan.pcap_ISCX.csv | Thursday-WorkingHours-Afternoon-Infilteration.pcap_ISCX.csv
123,4,2,BENIGN | PortScan,BENIGN: 1 | PortScan: 3,2,Friday-WorkingHours-Afternoon-PortScan.pcap_ISCX.csv | Thursday-WorkingHours-Afternoon-Infilteration.pcap_ISCX.csv
124,3,2,BENIGN | PortScan,BENIGN: 1 | PortScan: 2,2,Friday-WorkingHours-Afternoon-PortScan.pcap_ISCX.csv | Thursday-WorkingHours-Afternoon-Infilteration.pcap_ISCX.csv
125,3,2,BENIGN | PortScan,BENIGN: 1 | PortScan: 2,2,Friday-WorkingHours-Afternoon-PortScan.pcap_ISCX.csv | Thursday-WorkingHours-Afternoon-Infilteration.pcap_ISCX.csv
126,4,2,BENIGN | PortScan,BENIGN: 1 | PortScan: 3,2,Friday-WorkingHours-Afternoon-PortScan.pcap_ISCX.csv | Thursday-WorkingHours-Afternoon-Infilteration.pcap_ISCX.csv
127,4,2,BENIGN | PortScan,BENIGN: 1 | PortScan: 3,2,Friday-WorkingHours-Afternoon-PortScan.pcap_ISCX.csv | Thursday-WorkingHours-Afternoon-Infilteration.pcap_ISCX.csv
128,4,2,BENIGN | PortScan,BENIGN: 1 | PortScan: 3,2,Friday-WorkingHours-Afternoon-PortScan.pcap_ISCX.csv | Thursday-WorkingHours-Afternoon-Infilteration.pcap_ISCX.csv
129,3,2,BENIGN | PortScan,BENIGN: 1 | PortScan: 2,2,Friday-WorkingHours-Afternoon-PortScan.pcap_ISCX.csv | Thursday-WorkingHours-Afternoon-Infilteration.pcap_ISCX.csv
130,5,2,BENIGN | PortScan,BENIGN: 1 | PortScan: 4,2,Friday-WorkingHours-Afternoon-PortScan.pcap_ISCX.csv | Thursday-WorkingHours-Afternoon-Infilteration.pcap_ISCX.csv
131,3,2,BENIGN | PortScan,BENIGN: 1 | PortScan: 2,2,Friday-WorkingHours-Afternoon-PortScan.pcap_ISCX.csv | Thursday-WorkingHours-Afternoon-Infilteration.pcap_ISCX.csv
132,3,2,BENIGN | PortScan,BENIGN: 1 | PortScan: 2,2,Friday-WorkingHours-Afternoon-PortScan.pcap_ISCX.csv | Thursday-WorkingHours-Afternoon-Infilteration.pcap_ISCX.csv
133,7,2,BENIGN | PortScan,BENIGN: 1 | PortScan: 6,2,Friday-WorkingHours-Afternoon-PortScan.pcap_ISCX.csv | Thursday-WorkingHours-Afternoon-Infilteration.pcap_ISCX.csv
134,4,2,BENIGN | PortScan,BENIGN: 1 | PortScan: 3,2,Friday-WorkingHours-Afternoon-PortScan.pcap_ISCX.csv | Thursday-WorkingHours-Afternoon-Infilteration.pcap_ISCX.csv
135,4,2,BENIGN | PortScan,BENIGN: 1 | PortScan: 3,2,Friday-WorkingHours-Afternoon-PortScan.pcap_ISCX.csv | Thursday-WorkingHours-Afternoon-Infilteration.pcap_ISCX.csv
136,4,2,BENIGN | PortScan,BENIGN: 1 | PortScan: 3,2,Friday-WorkingHours-Afternoon-PortScan.pcap_ISCX.csv | Thursday-WorkingHours-Afternoon-Infilteration.pcap_ISCX.csv
137,4,2,BENIGN | PortScan,BENIGN: 1 | PortScan: 3,2,Friday-WorkingHours-Afternoon-PortScan.pcap_ISCX.csv | Thursday-WorkingHours-Afternoon-Infilteration.pcap_ISCX.csv
138,4,2,BENIGN | PortScan,BENIGN: 1 | PortScan: 3,2,Friday-WorkingHours-Afternoon-PortScan.pcap_ISCX.csv | Thursday-WorkingHours-Afternoon-Infilteration.pcap_ISCX.csv
139,3,2,BENIGN | PortScan,BENIGN: 1 | PortScan: 2,2,Friday-WorkingHours-Afternoon-PortScan.pcap_ISCX.csv | Thursday-WorkingHours-Afternoon-Infilteration.pcap_ISCX.csv
140,3,2,BENIGN | PortScan,BENIGN: 1 | PortScan: 2,2,Friday-WorkingHours-Afternoon-PortScan.pcap_ISCX.csv | Thursday-WorkingHours-Afternoon-Infilteration.pcap_ISCX.csv
141,3,2,BENIGN | PortScan,BENIGN: 1 | PortScan: 2,2,Friday-WorkingHours-Afternoon-PortScan.pcap_ISCX.csv | Thursday-WorkingHours-Afternoon-Infilteration.pcap_ISCX.csv
142,4,2,BENIGN | PortScan,BENIGN: 1 | PortScan: 3,2,Friday-WorkingHours-Afternoon-PortScan.pcap_ISCX.csv | Thursday-WorkingHours-Afternoon-Infilteration.pcap_ISCX.csv
143,4,2,BENIGN | PortScan,BENIGN: 1 | PortScan: 3,2,Friday-WorkingHours-Afternoon-PortScan.pcap_ISCX.csv | Thursday-WorkingHours-Afternoon-Infilteration.pcap_ISCX.csv
144,3,2,BENIGN | PortScan,BENIGN: 1 | PortScan: 2,2,Friday-WorkingHours-Afternoon-PortScan.pcap_ISCX.csv | Thursday-WorkingHours-Afternoon-Infilteration.pcap_ISCX.csv
145,3,2,BENIGN | PortScan,BENIGN: 1 | PortScan: 2,2,Friday-WorkingHours-Afternoon-PortScan.pcap_ISCX.csv | Thursday-WorkingHours-Afternoon-Infilteration.pcap_ISCX.csv
146,5,2,BENIGN | PortScan,BENIGN: 1 | PortScan: 4,2,Friday-WorkingHours-Afternoon-PortScan.pcap_ISCX.csv | Thursday-WorkingHours-Afternoon-Infilteration.pcap_ISCX.csv
147,3,2,BENIGN | PortScan,BENIGN: 1 | PortScan: 2,2,Friday-WorkingHours-Afternoon-PortScan.pcap_ISCX.csv | Thursday-WorkingHours-Afternoon-Infilteration.pcap_ISCX.csv
148,3,2,BENIGN | PortScan,BENIGN: 1 | PortScan: 2,2,Friday-WorkingHours-Afternoon-PortScan.pcap_ISCX.csv | Thursday-WorkingHours-Afternoon-Infilteration.pcap_ISCX.csv
149,3,2,BENIGN | PortScan,BENIGN: 1 | PortScan: 2,2,Friday-WorkingHours-Afternoon-PortScan.pcap_ISCX.csv | Thursday-WorkingHours-Afternoon-Infilteration.pcap_ISCX.csv
150,3,2,BENIGN | PortScan,BENIGN: 1 | PortScan: 2,2,Friday-WorkingHours-Afternoon-PortScan.pcap_ISCX.csv | Thursday-WorkingHours-Afternoon-Infilteration.pcap_ISCX.csv
151,3,2,BENIGN | PortScan,BENIGN: 1 | PortScan: 2,2,Friday-WorkingHours-Afternoon-PortScan.pcap_ISCX.csv | Thursday-WorkingHours-Afternoon-Infilteration.pcap_ISCX.csv
152,4,2,BENIGN | PortScan,BENIGN: 1 | PortScan: 3,2,Friday-WorkingHours-Afternoon-PortScan.pcap_ISCX.csv | Thursday-WorkingHours-Afternoon-Infilteration.pcap_ISCX.csv
153,3,2,BENIGN | PortScan,BENIGN: 1 | PortScan: 2,2,Friday-WorkingHours-Afternoon-PortScan.pcap_ISCX.csv | Thursday-WorkingHours-Afternoon-Infilteration.pcap_ISCX.csv
154,5,2,BENIGN | PortScan,BENIGN: 1 | PortScan: 4,2,Friday-WorkingHours-Afternoon-PortScan.pcap_ISCX.csv | Thursday-WorkingHours-Afternoon-Infilteration.pcap_ISCX.csv
155,3,2,BENIGN | PortScan,BENIGN: 1 | PortScan: 2,2,Friday-WorkingHours-Afternoon-PortScan.pcap_ISCX.csv | Thursday-WorkingHours-Afternoon-Infilteration.pcap_ISCX.csv
156,4,2,BENIGN | PortScan,BENIGN: 1 | PortScan: 3,2,Friday-WorkingHours-Afternoon-PortScan.pcap_ISCX.csv | Thursday-WorkingHours-Afternoon-Infilteration.pcap_ISCX.csv
157,5,2,BENIGN | PortScan,BENIGN: 1 | PortScan: 4,2,Friday-WorkingHours-Afternoon-PortScan.pcap_ISCX.csv | Thursday-WorkingHours-Afternoon-Infilteration.pcap_ISCX.csv
158,3,2,BENIGN | PortScan,BENIGN: 1 | PortScan: 2,2,Friday-WorkingHours-Afternoon-PortScan.pcap_ISCX.csv | Thursday-WorkingHours-Afternoon-Infilteration.pcap_ISCX.csv
159,3,2,BENIGN | PortScan,BENIGN: 1 | PortScan: 2,2,Friday-WorkingHours-Afternoon-PortScan.pcap_ISCX.csv | Thursday-WorkingHours-Afternoon-Infilteration.pcap_ISCX.csv
160,3,2,BENIGN | PortScan,BENIGN: 1 | PortScan: 2,2,Friday-WorkingHours-Afternoon-PortScan.pcap_ISCX.csv | Thursday-WorkingHours-Afternoon-Infilteration.pcap_ISCX.csv
161,3,2,BENIGN | PortScan,BENIGN: 1 | PortScan: 2,2,Friday-WorkingHours-Afternoon-PortScan.pcap_ISCX.csv | Thursday-WorkingHours-Afternoon-Infilteration.pcap_ISCX.csv
162,3,2,BENIGN | PortScan,BENIGN: 1 | PortScan: 2,2,Friday-WorkingHours-Afternoon-PortScan.pcap_ISCX.csv | Thursday-WorkingHours-Afternoon-Infilteration.pcap_ISCX.csv
163,3,2,BENIGN | PortScan,BENIGN: 1 | PortScan: 2,2,Friday-WorkingHours-Afternoon-PortScan.pcap_ISCX.csv | Thursday-WorkingHours-Afternoon-Infilteration.pcap_ISCX.csv
164,3,2,BENIGN | PortScan,BENIGN: 1 | PortScan: 2,2,Friday-WorkingHours-Afternoon-PortScan.pcap_ISCX.csv | Thursday-WorkingHours-Afternoon-Infilteration.pcap_ISCX.csv
165,4,2,BENIGN | PortScan,BENIGN: 1 | PortScan: 3,2,Friday-WorkingHours-Afternoon-PortScan.pcap_ISCX.csv | Thursday-WorkingHours-Afternoon-Infilteration.pcap_ISCX.csv
166,4,2,BENIGN | PortScan,BENIGN: 1 | PortScan: 3,2,Friday-WorkingHours-Afternoon-PortScan.pcap_ISCX.csv | Thursday-WorkingHours-Afternoon-Infilteration.pcap_ISCX.csv
167,5,2,BENIGN | PortScan,BENIGN: 1 | PortScan: 4,2,Friday-WorkingHours-Afternoon-PortScan.pcap_ISCX.csv | Thursday-WorkingHours-Afternoon-Infilteration.pcap_ISCX.csv
168,3,2,BENIGN | PortScan,BENIGN: 1 | PortScan: 2,2,Friday-WorkingHours-Afternoon-PortScan.pcap_ISCX.csv | Thursday-WorkingHours-Afternoon-Infilteration.pcap_ISCX.csv
169,3,2,BENIGN | PortScan,BENIGN: 1 | PortScan: 2,2,Friday-WorkingHours-Afternoon-PortScan.pcap_ISCX.csv | Thursday-WorkingHours-Afternoon-Infilteration.pcap_ISCX.csv
170,3,2,BENIGN | PortScan,BENIGN: 1 | PortScan: 2,2,Friday-WorkingHours-Afternoon-PortScan.pcap_ISCX.csv | Thursday-WorkingHours-Afternoon-Infilteration.pcap_ISCX.csv
171,4,2,BENIGN | PortScan,BENIGN: 1 | PortScan: 3,2,Friday-WorkingHours-Afternoon-PortScan.pcap_ISCX.csv | Thursday-WorkingHours-Afternoon-Infilteration.pcap_ISCX.csv
172,3,2,BENIGN | PortScan,BENIGN: 1 | PortScan: 2,2,Friday-WorkingHours-Afternoon-PortScan.pcap_ISCX.csv | Thursday-WorkingHours-Afternoon-Infilteration.pcap_ISCX.csv
173,3,2,BENIGN | PortScan,BENIGN: 1 | PortScan: 2,2,Friday-WorkingHours-Afternoon-PortScan.pcap_ISCX.csv | Thursday-WorkingHours-Afternoon-Infilteration.pcap_ISCX.csv
174,3,2,BENIGN | PortScan,BENIGN: 1 | PortScan: 2,2,Friday-WorkingHours-Afternoon-PortScan.pcap_ISCX.csv | Thursday-WorkingHours-Afternoon-Infilteration.pcap_ISCX.csv
175,4,2,BENIGN | PortScan,BENIGN: 1 | PortScan: 3,2,Friday-WorkingHours-Afternoon-PortScan.pcap_ISCX.csv | Thursday-WorkingHours-Afternoon-Infilteration.pcap_ISCX.csv
176,3,2,BENIGN | PortScan,BENIGN: 1 | PortScan: 2,2,Friday-WorkingHours-Afternoon-PortScan.pcap_ISCX.csv | Thursday-WorkingHours-Afternoon-Infilteration.pcap_ISCX.csv
177,3,2,BENIGN | PortScan,BENIGN: 1 | PortScan: 2,2,Friday-WorkingHours-Afternoon-PortScan.pcap_ISCX.csv | Thursday-WorkingHours-Afternoon-Infilteration.pcap_ISCX.csv
178,5,2,BENIGN | DoS Hulk,BENIGN: 3 | DoS Hulk: 2,3,Friday-WorkingHours-Afternoon-PortScan.pcap_ISCX.csv | Thursday-WorkingHours-Morning-WebAttacks.pcap_ISCX.csv | Wednesday-workingHours.pcap_ISCX.csv
179,3,2,BENIGN | PortScan,BENIGN: 1 | PortScan: 2,2,Friday-WorkingHours-Afternoon-PortScan.pcap_ISCX.csv | Thursday-WorkingHours-Afternoon-Infilteration.pcap_ISCX.csv
180,3,2,BENIGN | PortScan,BENIGN: 1 | PortScan: 2,2,Friday-WorkingHours-Afternoon-PortScan.pcap_ISCX.csv | Thursday-WorkingHours-Afternoon-Infilteration.pcap_ISCX.csv
181,3,2,BENIGN | PortScan,BENIGN: 1 | PortScan: 2,2,Friday-WorkingHours-Afternoon-PortScan.pcap_ISCX.csv | Thursday-WorkingHours-Afternoon-Infilteration.pcap_ISCX.csv
182,4,2,BENIGN | PortScan,BENIGN: 1 | PortScan: 3,2,Friday-WorkingHours-Afternoon-PortScan.pcap_ISCX.csv | Thursday-WorkingHours-Afternoon-Infilteration.pcap_ISCX.csv
183,3,2,BENIGN | PortScan,BENIGN: 1 | PortScan: 2,2,Friday-WorkingHours-Afternoon-PortScan.pcap_ISCX.csv | Thursday-WorkingHours-Afternoon-Infilteration.pcap_ISCX.csv
184,3,2,BENIGN | PortScan,BENIGN: 1 | PortScan: 2,2,Friday-WorkingHours-Afternoon-PortScan.pcap_ISCX.csv | Thursday-WorkingHours-Afternoon-Infilteration.pcap_ISCX.csv
185,4,2,BENIGN | PortScan,BENIGN: 1 | PortScan: 3,2,Friday-WorkingHours-Afternoon-PortScan.pcap_ISCX.csv | Thursday-WorkingHours-Afternoon-Infilteration.pcap_ISCX.csv
186,3,2,BENIGN | PortScan,BENIGN: 1 | PortScan: 2,2,Friday-WorkingHours-Afternoon-PortScan.pcap_ISCX.csv | Thursday-WorkingHours-Afternoon-Infilteration.pcap_ISCX.csv
187,3,2,BENIGN | PortScan,BENIGN: 1 | PortScan: 2,2,Friday-WorkingHours-Afternoon-PortScan.pcap_ISCX.csv | Thursday-WorkingHours-Afternoon-Infilteration.pcap_ISCX.csv
188,4,2,BENIGN | PortScan,BENIGN: 1 | PortScan: 3,2,Friday-WorkingHours-Afternoon-PortScan.pcap_ISCX.csv | Thursday-WorkingHours-Afternoon-Infilteration.pcap_ISCX.csv
189,4,2,BENIGN | PortScan,BENIGN: 1 | PortScan: 3,2,Friday-WorkingHours-Afternoon-PortScan.pcap_ISCX.csv | Thursday-WorkingHours-Afternoon-Infilteration.pcap_ISCX.csv
190,4,2,BENIGN | PortScan,BENIGN: 1 | PortScan: 3,2,Friday-WorkingHours-Afternoon-PortScan.pcap_ISCX.csv | Thursday-WorkingHours-Afternoon-Infilteration.pcap_ISCX.csv
191,3,2,BENIGN | PortScan,BENIGN: 1 | PortScan: 2,2,Friday-WorkingHours-Afternoon-PortScan.pcap_ISCX.csv | Thursday-WorkingHours-Afternoon-Infilteration.pcap_ISCX.csv
192,3,2,BENIGN | PortScan,BENIGN: 1 | PortScan: 2,2,Friday-WorkingHours-Afternoon-PortScan.pcap_ISCX.csv | Thursday-WorkingHours-Afternoon-Infilteration.pcap_ISCX.csv
193,3,2,BENIGN | PortScan,BENIGN: 1 | PortScan: 2,2,Friday-WorkingHours-Afternoon-PortScan.pcap_ISCX.csv | Thursday-WorkingHours-Afternoon-Infilteration.pcap_ISCX.csv
194,3,2,BENIGN | PortScan,BENIGN: 1 | PortScan: 2,2,Friday-WorkingHours-Afternoon-PortScan.pcap_ISCX.csv | Thursday-WorkingHours-Afternoon-Infilteration.pcap_ISCX.csv
195,3,2,BENIGN | PortScan,BENIGN: 1 | PortScan: 2,2,Friday-WorkingHours-Afternoon-PortScan.pcap_ISCX.csv | Thursday-WorkingHours-Afternoon-Infilteration.pcap_ISCX.csv
196,3,2,BENIGN | PortScan,BENIGN: 1 | PortScan: 2,2,Friday-WorkingHours-Afternoon-PortScan.pcap_ISCX.csv | Thursday-WorkingHours-Afternoon-Infilteration.pcap_ISCX.csv
197,4,2,BENIGN | PortScan,BENIGN: 1 | PortScan: 3,2,Friday-WorkingHours-Afternoon-PortScan.pcap_ISCX.csv | Thursday-WorkingHours-Afternoon-Infilteration.pcap_ISCX.csv
198,3,2,BENIGN | PortScan,BENIGN: 1 | PortScan: 2,2,Friday-WorkingHours-Afternoon-PortScan.pcap_ISCX.csv | Thursday-WorkingHours-Afternoon-Infilteration.pcap_ISCX.csv
199,3,2,BENIGN | PortScan,BENIGN: 1 | PortScan: 2,2,Friday-WorkingHours-Afternoon-PortScan.pcap_ISCX.csv | Thursday-WorkingHours-Afternoon-Infilteration.pcap_ISCX.csv
200,3,2,BENIGN | PortScan,BENIGN: 1 | PortScan: 2,2,Friday-WorkingHours-Afternoon-PortScan.pcap_ISCX.csv | Thursday-WorkingHours-Afternoon-Infilteration.pcap_ISCX.csv
201,3,2,BENIGN | PortScan,BENIGN: 1 | PortScan: 2,2,Friday-WorkingHours-Afternoon-PortScan.pcap_ISCX.csv | Thursday-WorkingHours-Afternoon-Infilteration.pcap_ISCX.csv
202,3,2,BENIGN | PortScan,BENIGN: 1 | PortScan: 2,2,Friday-WorkingHours-Afternoon-PortScan.pcap_ISCX.csv | Thursday-WorkingHours-Afternoon-Infilteration.pcap_ISCX.csv
203,3,2,BENIGN | PortScan,BENIGN: 1 | PortScan: 2,2,Friday-WorkingHours-Afternoon-PortScan.pcap_ISCX.csv | Thursday-WorkingHours-Afternoon-Infilteration.pcap_ISCX.csv
204,4,2,BENIGN | PortScan,BENIGN: 1 | PortScan: 3,2,Friday-WorkingHours-Afternoon-PortScan.pcap_ISCX.csv | Thursday-WorkingHours-Afternoon-Infilteration.pcap_ISCX.csv
205,3,2,BENIGN | PortScan,BENIGN: 1 | PortScan: 2,2,Friday-WorkingHours-Afternoon-PortScan.pcap_ISCX.csv | Thursday-WorkingHours-Afternoon-Infilteration.pcap_ISCX.csv
206,3,2,BENIGN | PortScan,BENIGN: 1 | PortScan: 2,2,Friday-WorkingHours-Afternoon-PortScan.pcap_ISCX.csv | Thursday-WorkingHours-Afternoon-Infilteration.pcap_ISCX.csv
207,3,2,BENIGN | PortScan,BENIGN: 1 | PortScan: 2,2,Friday-WorkingHours-Afternoon-PortScan.pcap_ISCX.csv | Thursday-WorkingHours-Afternoon-Infilteration.pcap_ISCX.csv
208,3,2,BENIGN | PortScan,BENIGN: 1 | PortScan: 2,2,Friday-WorkingHours-Afternoon-PortScan.pcap_ISCX.csv | Thursday-WorkingHours-Afternoon-Infilteration.pcap_ISCX.csv
209,3,2,BENIGN | PortScan,BENIGN: 1 | PortScan: 2,2,Friday-WorkingHours-Afternoon-PortScan.pcap_ISCX.csv | Thursday-WorkingHours-Afternoon-Infilteration.pcap_ISCX.csv
210,3,2,BENIGN | PortScan,BENIGN: 1 | PortScan: 2,2,Friday-WorkingHours-Afternoon-PortScan.pcap_ISCX.csv | Thursday-WorkingHours-Afternoon-Infilteration.pcap_ISCX.csv
211,3,2,BENIGN | PortScan,BENIGN: 1 | PortScan: 2,2,Friday-WorkingHours-Afternoon-PortScan.pcap_ISCX.csv | Thursday-WorkingHours-Afternoon-Infilteration.pcap_ISCX.csv
212,4,2,BENIGN | PortScan,BENIGN: 1 | PortScan: 3,2,Friday-WorkingHours-Afternoon-PortScan.pcap_ISCX.csv | Thursday-WorkingHours-Afternoon-Infilteration.pcap_ISCX.csv
213,3,2,BENIGN | PortScan,BENIGN: 1 | PortScan: 2,2,Friday-WorkingHours-Afternoon-PortScan.pcap_ISCX.csv | Thursday-WorkingHours-Afternoon-Infilteration.pcap_ISCX.csv
214,5,2,BENIGN | PortScan,BENIGN: 1 | PortScan: 4,2,Friday-WorkingHours-Afternoon-PortScan.pcap_ISCX.csv | Thursday-WorkingHours-Afternoon-Infilteration.pcap_ISCX.csv
215,3,2,BENIGN | PortScan,BENIGN: 1 | PortScan: 2,2,Friday-WorkingHours-Afternoon-PortScan.pcap_ISCX.csv | Thursday-WorkingHours-Afternoon-Infilteration.pcap_ISCX.csv
216,3,2,BENIGN | PortScan,BENIGN: 1 | PortScan: 2,2,Friday-WorkingHours-Afternoon-PortScan.pcap_ISCX.csv | Thursday-WorkingHours-Afternoon-Infilteration.pcap_ISCX.csv
217,3,2,BENIGN | PortScan,BENIGN: 1 | PortScan: 2,2,Friday-WorkingHours-Afternoon-PortScan.pcap_ISCX.csv | Thursday-WorkingHours-Afternoon-Infilteration.pcap_ISCX.csv
218,3,2,BENIGN | PortScan,BENIGN: 1 | PortScan: 2,2,Friday-WorkingHours-Afternoon-PortScan.pcap_ISCX.csv | Thursday-WorkingHours-Afternoon-Infilteration.pcap_ISCX.csv
219,3,2,BENIGN | PortScan,BENIGN: 1 | PortScan: 2,2,Friday-WorkingHours-Afternoon-PortScan.pcap_ISCX.csv | Thursday-WorkingHours-Afternoon-Infilteration.pcap_ISCX.csv
220,3,2,BENIGN | PortScan,BENIGN: 1 | PortScan: 2,2,Friday-WorkingHours-Afternoon-PortScan.pcap_ISCX.csv | Thursday-WorkingHours-Afternoon-Infilteration.pcap_ISCX.csv
221,3,2,BENIGN | PortScan,BENIGN: 1 | PortScan: 2,2,Friday-WorkingHours-Afternoon-PortScan.pcap_ISCX.csv | Thursday-WorkingHours-Afternoon-Infilteration.pcap_ISCX.csv
222,3,2,BENIGN | PortScan,BENIGN: 1 | PortScan: 2,2,Friday-WorkingHours-Afternoon-PortScan.pcap_ISCX.csv | Thursday-WorkingHours-Afternoon-Infilteration.pcap_ISCX.csv
223,3,2,BENIGN | PortScan,BENIGN: 1 | PortScan: 2,2,Friday-WorkingHours-Afternoon-PortScan.pcap_ISCX.csv | Thursday-WorkingHours-Afternoon-Infilteration.pcap_ISCX.csv
224,4,2,BENIGN | PortScan,BENIGN: 1 | PortScan: 3,2,Friday-WorkingHours-Afternoon-PortScan.pcap_ISCX.csv | Thursday-WorkingHours-Afternoon-Infilteration.pcap_ISCX.csv
225,4,2,BENIGN | PortScan,BENIGN: 1 | PortScan: 3,2,Friday-WorkingHours-Afternoon-PortScan.pcap_ISCX.csv | Thursday-WorkingHours-Afternoon-Infilteration.pcap_ISCX.csv
226,3,2,BENIGN | PortScan,BENIGN: 1 | PortScan: 2,2,Friday-WorkingHours-Afternoon-PortScan.pcap_ISCX.csv | Thursday-WorkingHours-Afternoon-Infilteration.pcap_ISCX.csv
227,3,2,BENIGN | PortScan,BENIGN: 1 | PortScan: 2,2,Friday-WorkingHours-Afternoon-PortScan.pcap_ISCX.csv | Thursday-WorkingHours-Afternoon-Infilteration.pcap_ISCX.csv
228,3,2,BENIGN | PortScan,BENIGN: 1 | PortScan: 2,2,Friday-WorkingHours-Afternoon-PortScan.pcap_ISCX.csv | Thursday-WorkingHours-Afternoon-Infilteration.pcap_ISCX.csv
229,3,2,BENIGN | PortScan,BENIGN: 1 | PortScan: 2,2,Friday-WorkingHours-Afternoon-PortScan.pcap_ISCX.csv | Thursday-WorkingHours-Afternoon-Infilteration.pcap_ISCX.csv
230,3,2,BENIGN | PortScan,BENIGN: 1 | PortScan: 2,2,Friday-WorkingHours-Afternoon-PortScan.pcap_ISCX.csv | Thursday-WorkingHours-Afternoon-Infilteration.pcap_ISCX.csv
231,3,2,BENIGN | PortScan,BENIGN: 1 | PortScan: 2,2,Friday-WorkingHours-Afternoon-PortScan.pcap_ISCX.csv | Thursday-WorkingHours-Afternoon-Infilteration.pcap_ISCX.csv
232,3,2,BENIGN | PortScan,BENIGN: 1 | PortScan: 2,2,Friday-WorkingHours-Afternoon-PortScan.pcap_ISCX.csv | Thursday-WorkingHours-Afternoon-Infilteration.pcap_ISCX.csv
233,3,2,BENIGN | PortScan,BENIGN: 1 | PortScan: 2,2,Friday-WorkingHours-Afternoon-PortScan.pcap_ISCX.csv | Thursday-WorkingHours-Afternoon-Infilteration.pcap_ISCX.csv
234,3,2,BENIGN | PortScan,BENIGN: 1 | PortScan: 2,2,Friday-WorkingHours-Afternoon-PortScan.pcap_ISCX.csv | Thursday-WorkingHours-Afternoon-Infilteration.pcap_ISCX.csv
235,3,2,BENIGN | PortScan,BENIGN: 1 | PortScan: 2,2,Friday-WorkingHours-Afternoon-PortScan.pcap_ISCX.csv | Thursday-WorkingHours-Afternoon-Infilteration.pcap_ISCX.csv
236,3,2,BENIGN | PortScan,BENIGN: 1 | PortScan: 2,2,Friday-WorkingHours-Afternoon-PortScan.pcap_ISCX.csv | Thursday-WorkingHours-Afternoon-Infilteration.pcap_ISCX.csv
237,3,2,BENIGN | PortScan,BENIGN: 1 | PortScan: 2,2,Friday-WorkingHours-Afternoon-PortScan.pcap_ISCX.csv | Thursday-WorkingHours-Afternoon-Infilteration.pcap_ISCX.csv
238,3,2,BENIGN | PortScan,BENIGN: 1 | PortScan: 2,2,Friday-WorkingHours-Afternoon-PortScan.pcap_ISCX.csv | Thursday-WorkingHours-Afternoon-Infilteration.pcap_ISCX.csv
239,3,2,BENIGN | PortScan,BENIGN: 1 | PortScan: 2,2,Friday-WorkingHours-Afternoon-PortScan.pcap_ISCX.csv | Thursday-WorkingHours-Afternoon-Infilteration.pcap_ISCX.csv
240,3,2,BENIGN | PortScan,BENIGN: 1 | PortScan: 2,2,Friday-WorkingHours-Afternoon-PortScan.pcap_ISCX.csv | Thursday-WorkingHours-Afternoon-Infilteration.pcap_ISCX.csv
241,3,2,BENIGN | PortScan,BENIGN: 1 | PortScan: 2,2,Friday-WorkingHours-Afternoon-PortScan.pcap_ISCX.csv | Thursday-WorkingHours-Afternoon-Infilteration.pcap_ISCX.csv
242,3,2,BENIGN | PortScan,BENIGN: 1 | PortScan: 2,2,Friday-WorkingHours-Afternoon-PortScan.pcap_ISCX.csv | Thursday-WorkingHours-Afternoon-Infilteration.pcap_ISCX.csv
243,3,2,BENIGN | PortScan,BENIGN: 1 | PortScan: 2,2,Friday-WorkingHours-Afternoon-PortScan.pcap_ISCX.csv | Thursday-WorkingHours-Afternoon-Infilteration.pcap_ISCX.csv
244,3,2,BENIGN | PortScan,BENIGN: 1 | PortScan: 2,2,Friday-WorkingHours-Afternoon-PortScan.pcap_ISCX.csv | Thursday-WorkingHours-Afternoon-Infilteration.pcap_ISCX.csv
245,3,2,BENIGN | PortScan,BENIGN: 1 | PortScan: 2,2,Friday-WorkingHours-Afternoon-PortScan.pcap_ISCX.csv | Thursday-WorkingHours-Afternoon-Infilteration.pcap_ISCX.csv
246,4,2,BENIGN | PortScan,BENIGN: 1 | PortScan: 3,2,Friday-WorkingHours-Afternoon-PortScan.pcap_ISCX.csv | Thursday-WorkingHours-Afternoon-Infilteration.pcap_ISCX.csv
247,3,2,BENIGN | PortScan,BENIGN: 1 | PortScan: 2,2,Friday-WorkingHours-Afternoon-PortScan.pcap_ISCX.csv | Thursday-WorkingHours-Afternoon-Infilteration.pcap_ISCX.csv
248,3,2,BENIGN | PortScan,BENIGN: 1 | PortScan: 2,2,Friday-WorkingHours-Afternoon-PortScan.pcap_ISCX.csv | Thursday-WorkingHours-Afternoon-Infilteration.pcap_ISCX.csv
249,3,2,BENIGN | PortScan,BENIGN: 1 | PortScan: 2,2,Friday-WorkingHours-Afternoon-PortScan.pcap_ISCX.csv | Thursday-WorkingHours-Afternoon-Infilteration.pcap_ISCX.csv
250,3,2,BENIGN | PortScan,BENIGN: 1 | PortScan: 2,2,Friday-WorkingHours-Afternoon-PortScan.pcap_ISCX.csv | Thursday-WorkingHours-Afternoon-Infilteration.pcap_ISCX.csv
251,3,2,BENIGN | PortScan,BENIGN: 1 | PortScan: 2,2,Friday-WorkingHours-Afternoon-PortScan.pcap_ISCX.csv | Thursday-WorkingHours-Afternoon-Infilteration.pcap_ISCX.csv
252,3,2,BENIGN | PortScan,BENIGN: 1 | PortScan: 2,2,Friday-WorkingHours-Afternoon-PortScan.pcap_ISCX.csv | Thursday-WorkingHours-Afternoon-Infilteration.pcap_ISCX.csv
253,3,2,BENIGN | PortScan,BENIGN: 1 | PortScan: 2,2,Friday-WorkingHours-Afternoon-PortScan.pcap_ISCX.csv | Thursday-WorkingHours-Afternoon-Infilteration.pcap_ISCX.csv
254,3,2,BENIGN | PortScan,BENIGN: 1 | PortScan: 2,2,Friday-WorkingHours-Afternoon-PortScan.pcap_ISCX.csv | Thursday-WorkingHours-Afternoon-Infilteration.pcap_ISCX.csv
255,3,2,BENIGN | PortScan,BENIGN: 1 | PortScan: 2,2,Friday-WorkingHours-Afternoon-PortScan.pcap_ISCX.csv | Thursday-WorkingHours-Afternoon-Infilteration.pcap_ISCX.csv
256,3,2,BENIGN | PortScan,BENIGN: 1 | PortScan: 2,2,Friday-WorkingHours-Afternoon-PortScan.pcap_ISCX.csv | Thursday-WorkingHours-Afternoon-Infilteration.pcap_ISCX.csv
257,3,2,BENIGN | PortScan,BENIGN: 1 | PortScan: 2,2,Friday-WorkingHours-Afternoon-PortScan.pcap_ISCX.csv | Thursday-WorkingHours-Afternoon-Infilteration.pcap_ISCX.csv
258,3,2,BENIGN | PortScan,BENIGN: 1 | PortScan: 2,2,Friday-WorkingHours-Afternoon-PortScan.pcap_ISCX.csv | Thursday-WorkingHours-Afternoon-Infilteration.pcap_ISCX.csv
259,3,2,BENIGN | PortScan,BENIGN: 1 | PortScan: 2,2,Friday-WorkingHours-Afternoon-PortScan.pcap_ISCX.csv | Thursday-WorkingHours-Afternoon-Infilteration.pcap_ISCX.csv
260,3,2,BENIGN | PortScan,BENIGN: 1 | PortScan: 2,2,Friday-WorkingHours-Afternoon-PortScan.pcap_ISCX.csv | Thursday-WorkingHours-Afternoon-Infilteration.pcap_ISCX.csv
261,2,2,BENIGN | DDoS,BENIGN: 1 | DDoS: 1,2,Friday-WorkingHours-Afternoon-DDos.pcap_ISCX.csv | Friday-WorkingHours-Morning.pcap_ISCX.csv
262,2,2,BENIGN | PortScan,BENIGN: 1 | PortScan: 1,2,Friday-WorkingHours-Afternoon-PortScan.pcap_ISCX.csv | Thursday-WorkingHours-Afternoon-Infilteration.pcap_ISCX.csv
263,2,2,BENIGN | PortScan,BENIGN: 1 | PortScan: 1,2,Friday-WorkingHours-Afternoon-PortScan.pcap_ISCX.csv | Thursday-WorkingHours-Afternoon-Infilteration.pcap_ISCX.csv
264,2,2,BENIGN | PortScan,BENIGN: 1 | PortScan: 1,2,Friday-WorkingHours-Afternoon-PortScan.pcap_ISCX.csv | Thursday-WorkingHours-Afternoon-Infilteration.pcap_ISCX.csv
265,2,2,BENIGN | PortScan,BENIGN: 1 | PortScan: 1,2,Friday-WorkingHours-Afternoon-PortScan.pcap_ISCX.csv | Thursday-WorkingHours-Afternoon-Infilteration.pcap_ISCX.csv
266,2,2,BENIGN | PortScan,BENIGN: 1 | PortScan: 1,2,Friday-WorkingHours-Afternoon-PortScan.pcap_ISCX.csv | Thursday-WorkingHours-Afternoon-Infilteration.pcap_ISCX.csv
267,2,2,BENIGN | PortScan,BENIGN: 1 | PortScan: 1,2,Friday-WorkingHours-Afternoon-PortScan.pcap_ISCX.csv | Thursday-WorkingHours-Afternoon-Infilteration.pcap_ISCX.csv
268,2,2,BENIGN | PortScan,BENIGN: 1 | PortScan: 1,2,Friday-WorkingHours-Afternoon-PortScan.pcap_ISCX.csv | Thursday-WorkingHours-Afternoon-Infilteration.pcap_ISCX.csv
269,2,2,BENIGN | PortScan,BENIGN: 1 | PortScan: 1,2,Friday-WorkingHours-Afternoon-PortScan.pcap_ISCX.csv | Thursday-WorkingHours-Afternoon-Infilteration.pcap_ISCX.csv
270,2,2,BENIGN | PortScan,BENIGN: 1 | PortScan: 1,2,Friday-WorkingHours-Afternoon-PortScan.pcap_ISCX.csv | Thursday-WorkingHours-Afternoon-Infilteration.pcap_ISCX.csv
271,2,2,BENIGN | PortScan,BENIGN: 1 | PortScan: 1,2,Friday-WorkingHours-Afternoon-PortScan.pcap_ISCX.csv | Thursday-WorkingHours-Afternoon-Infilteration.pcap_ISCX.csv
272,2,2,BENIGN | PortScan,BENIGN: 1 | PortScan: 1,2,Friday-WorkingHours-Afternoon-PortScan.pcap_ISCX.csv | Thursday-WorkingHours-Afternoon-Infilteration.pcap_ISCX.csv
273,2,2,BENIGN | PortScan,BENIGN: 1 | PortScan: 1,2,Friday-WorkingHours-Afternoon-PortScan.pcap_ISCX.csv | Thursday-WorkingHours-Afternoon-Infilteration.pcap_ISCX.csv
274,2,2,BENIGN | PortScan,BENIGN: 1 | PortScan: 1,2,Friday-WorkingHours-Afternoon-PortScan.pcap_ISCX.csv | Thursday-WorkingHours-Afternoon-Infilteration.pcap_ISCX.csv
275,2,2,BENIGN | PortScan,BENIGN: 1 | PortScan: 1,2,Friday-WorkingHours-Afternoon-PortScan.pcap_ISCX.csv | Thursday-WorkingHours-Afternoon-Infilteration.pcap_ISCX.csv
276,2,2,BENIGN | PortScan,BENIGN: 1 | PortScan: 1,2,Friday-WorkingHours-Afternoon-PortScan.pcap_ISCX.csv | Thursday-WorkingHours-Afternoon-Infilteration.pcap_ISCX.csv
277,2,2,BENIGN | PortScan,BENIGN: 1 | PortScan: 1,2,Friday-WorkingHours-Afternoon-PortScan.pcap_ISCX.csv | Thursday-WorkingHours-Afternoon-Infilteration.pcap_ISCX.csv
278,2,2,BENIGN | PortScan,BENIGN: 1 | PortScan: 1,2,Friday-WorkingHours-Afternoon-PortScan.pcap_ISCX.csv | Thursday-WorkingHours-Afternoon-Infilteration.pcap_ISCX.csv
279,2,2,BENIGN | PortScan,BENIGN: 1 | PortScan: 1,2,Friday-WorkingHours-Afternoon-PortScan.pcap_ISCX.csv | Thursday-WorkingHours-Afternoon-Infilteration.pcap_ISCX.csv
280,2,2,BENIGN | PortScan,BENIGN: 1 | PortScan: 1,2,Friday-WorkingHours-Afternoon-PortScan.pcap_ISCX.csv | Thursday-WorkingHours-Afternoon-Infilteration.pcap_ISCX.csv
281,2,2,BENIGN | PortScan,BENIGN: 1 | PortScan: 1,2,Friday-WorkingHours-Afternoon-PortScan.pcap_ISCX.csv | Thursday-WorkingHours-Afternoon-Infilteration.pcap_ISCX.csv
282,2,2,BENIGN | PortScan,BENIGN: 1 | PortScan: 1,2,Friday-WorkingHours-Afternoon-PortScan.pcap_ISCX.csv | Thursday-WorkingHours-Afternoon-Infilteration.pcap_ISCX.csv
283,2,2,BENIGN | PortScan,BENIGN: 1 | PortScan: 1,2,Friday-WorkingHours-Afternoon-PortScan.pcap_ISCX.csv | Thursday-WorkingHours-Afternoon-Infilteration.pcap_ISCX.csv
284,2,2,BENIGN | PortScan,BENIGN: 1 | PortScan: 1,2,Friday-WorkingHours-Afternoon-PortScan.pcap_ISCX.csv | Thursday-WorkingHours-Afternoon-Infilteration.pcap_ISCX.csv
285,2,2,BENIGN | PortScan,BENIGN: 1 | PortScan: 1,2,Friday-WorkingHours-Afternoon-PortScan.pcap_ISCX.csv | Thursday-WorkingHours-Afternoon-Infilteration.pcap_ISCX.csv
286,2,2,BENIGN | PortScan,BENIGN: 1 | PortScan: 1,2,Friday-WorkingHours-Afternoon-PortScan.pcap_ISCX.csv | Thursday-WorkingHours-Afternoon-Infilteration.pcap_ISCX.csv
287,2,2,BENIGN | PortScan,BENIGN: 1 | PortScan: 1,2,Friday-WorkingHours-Afternoon-PortScan.pcap_ISCX.csv | Thursday-WorkingHours-Afternoon-Infilteration.pcap_ISCX.csv
288,2,2,BENIGN | PortScan,BENIGN: 1 | PortScan: 1,2,Friday-WorkingHours-Afternoon-PortScan.pcap_ISCX.csv | Thursday-WorkingHours-Afternoon-Infilteration.pcap_ISCX.csv
289,2,2,BENIGN | PortScan,BENIGN: 1 | PortScan: 1,2,Friday-WorkingHours-Afternoon-PortScan.pcap_ISCX.csv | Thursday-WorkingHours-Afternoon-Infilteration.pcap_ISCX.csv
290,2,2,BENIGN | PortScan,BENIGN: 1 | PortScan: 1,2,Friday-WorkingHours-Afternoon-PortScan.pcap_ISCX.csv | Thursday-WorkingHours-Afternoon-Infilteration.pcap_ISCX.csv
291,2,2,BENIGN | PortScan,BENIGN: 1 | PortScan: 1,2,Friday-WorkingHours-Afternoon-PortScan.pcap_ISCX.csv | Thursday-WorkingHours-Afternoon-Infilteration.pcap_ISCX.csv
292,2,2,BENIGN | PortScan,BENIGN: 1 | PortScan: 1,2,Friday-WorkingHours-Afternoon-PortScan.pcap_ISCX.csv | Thursday-WorkingHours-Afternoon-Infilteration.pcap_ISCX.csv
293,2,2,BENIGN | PortScan,BENIGN: 1 | PortScan: 1,2,Friday-WorkingHours-Afternoon-PortScan.pcap_ISCX.csv | Thursday-WorkingHours-Afternoon-Infilteration.pcap_ISCX.csv
294,2,2,BENIGN | PortScan,BENIGN: 1 | PortScan: 1,2,Friday-WorkingHours-Afternoon-PortScan.pcap_ISCX.csv | Thursday-WorkingHours-Afternoon-Infilteration.pcap_ISCX.csv
295,2,2,BENIGN | PortScan,BENIGN: 1 | PortScan: 1,2,Friday-WorkingHours-Afternoon-PortScan.pcap_ISCX.csv | Thursday-WorkingHours-Afternoon-Infilteration.pcap_ISCX.csv
296,2,2,BENIGN | PortScan,BENIGN: 1 | PortScan: 1,2,Friday-WorkingHours-Afternoon-PortScan.pcap_ISCX.csv | Thursday-WorkingHours-Afternoon-Infilteration.pcap_ISCX.csv
297,2,2,BENIGN | PortScan,BENIGN: 1 | PortScan: 1,2,Friday-WorkingHours-Afternoon-PortScan.pcap_ISCX.csv | Thursday-WorkingHours-Afternoon-Infilteration.pcap_ISCX.csv
298,2,2,BENIGN | PortScan,BENIGN: 1 | PortScan: 1,2,Friday-WorkingHours-Afternoon-PortScan.pcap_ISCX.csv | Thursday-WorkingHours-Afternoon-Infilteration.pcap_ISCX.csv
299,2,2,BENIGN | PortScan,BENIGN: 1 | PortScan: 1,2,Friday-WorkingHours-Afternoon-PortScan.pcap_ISCX.csv | Thursday-WorkingHours-Afternoon-Infilteration.pcap_ISCX.csv
300,2,2,BENIGN | PortScan,BENIGN: 1 | PortScan: 1,2,Friday-WorkingHours-Afternoon-PortScan.pcap_ISCX.csv | Thursday-WorkingHours-Afternoon-Infilteration.pcap_ISCX.csv
301,2,2,BENIGN | PortScan,BENIGN: 1 | PortScan: 1,2,Friday-WorkingHours-Afternoon-PortScan.pcap_ISCX.csv | Thursday-WorkingHours-Afternoon-Infilteration.pcap_ISCX.csv
302,2,2,BENIGN | PortScan,BENIGN: 1 | PortScan: 1,2,Friday-WorkingHours-Afternoon-PortScan.pcap_ISCX.csv | Thursday-WorkingHours-Afternoon-Infilteration.pcap_ISCX.csv
303,2,2,BENIGN | PortScan,BENIGN: 1 | PortScan: 1,2,Friday-WorkingHours-Afternoon-PortScan.pcap_ISCX.csv | Thursday-WorkingHours-Afternoon-Infilteration.pcap_ISCX.csv
304,2,2,BENIGN | PortScan,BENIGN: 1 | PortScan: 1,2,Friday-WorkingHours-Afternoon-PortScan.pcap_ISCX.csv | Thursday-WorkingHours-Afternoon-Infilteration.pcap_ISCX.csv
305,2,2,BENIGN | PortScan,BENIGN: 1 | PortScan: 1,2,Friday-WorkingHours-Afternoon-PortScan.pcap_ISCX.csv | Thursday-WorkingHours-Afternoon-Infilteration.pcap_ISCX.csv
306,2,2,BENIGN | PortScan,BENIGN: 1 | PortScan: 1,2,Friday-WorkingHours-Afternoon-PortScan.pcap_ISCX.csv | Thursday-WorkingHours-Afternoon-Infilteration.pcap_ISCX.csv
307,2,2,BENIGN | PortScan,BENIGN: 1 | PortScan: 1,2,Friday-WorkingHours-Afternoon-PortScan.pcap_ISCX.csv | Thursday-WorkingHours-Afternoon-Infilteration.pcap_ISCX.csv
308,2,2,BENIGN | PortScan,BENIGN: 1 | PortScan: 1,2,Friday-WorkingHours-Afternoon-PortScan.pcap_ISCX.csv | Thursday-WorkingHours-Afternoon-Infilteration.pcap_ISCX.csv
309,2,2,BENIGN | PortScan,BENIGN: 1 | PortScan: 1,2,Friday-WorkingHours-Afternoon-PortScan.pcap_ISCX.csv | Thursday-WorkingHours-Afternoon-Infilteration.pcap_ISCX.csv
310,2,2,BENIGN | PortScan,BENIGN: 1 | PortScan: 1,2,Friday-WorkingHours-Afternoon-PortScan.pcap_ISCX.csv | Thursday-WorkingHours-Afternoon-Infilteration.pcap_ISCX.csv
311,2,2,BENIGN | PortScan,BENIGN: 1 | PortScan: 1,2,Friday-WorkingHours-Afternoon-PortScan.pcap_ISCX.csv | Thursday-WorkingHours-Afternoon-Infilteration.pcap_ISCX.csv
312,2,2,BENIGN | PortScan,BENIGN: 1 | PortScan: 1,2,Friday-WorkingHours-Afternoon-PortScan.pcap_ISCX.csv | Thursday-WorkingHours-Afternoon-Infilteration.pcap_ISCX.csv
313,2,2,BENIGN | PortScan,BENIGN: 1 | PortScan: 1,2,Friday-WorkingHours-Afternoon-PortScan.pcap_ISCX.csv | Thursday-WorkingHours-Afternoon-Infilteration.pcap_ISCX.csv
314,2,2,BENIGN | PortScan,BENIGN: 1 | PortScan: 1,2,Friday-WorkingHours-Afternoon-PortScan.pcap_ISCX.csv | Thursday-WorkingHours-Afternoon-Infilteration.pcap_ISCX.csv
315,2,2,BENIGN | PortScan,BENIGN: 1 | PortScan: 1,2,Friday-WorkingHours-Afternoon-PortScan.pcap_ISCX.csv | Thursday-WorkingHours-Afternoon-Infilteration.pcap_ISCX.csv
316,2,2,BENIGN | PortScan,BENIGN: 1 | PortScan: 1,2,Friday-WorkingHours-Afternoon-PortScan.pcap_ISCX.csv | Thursday-WorkingHours-Afternoon-Infilteration.pcap_ISCX.csv
317,2,2,BENIGN | PortScan,BENIGN: 1 | PortScan: 1,2,Friday-WorkingHours-Afternoon-PortScan.pcap_ISCX.csv | Thursday-WorkingHours-Afternoon-Infilteration.pcap_ISCX.csv
318,2,2,BENIGN | PortScan,BENIGN: 1 | PortScan: 1,2,Friday-WorkingHours-Afternoon-PortScan.pcap_ISCX.csv | Thursday-WorkingHours-Afternoon-Infilteration.pcap_ISCX.csv
319,2,2,BENIGN | PortScan,BENIGN: 1 | PortScan: 1,2,Friday-WorkingHours-Afternoon-PortScan.pcap_ISCX.csv | Thursday-WorkingHours-Afternoon-Infilteration.pcap_ISCX.csv
320,2,2,BENIGN | PortScan,BENIGN: 1 | PortScan: 1,2,Friday-WorkingHours-Afternoon-PortScan.pcap_ISCX.csv | Thursday-WorkingHours-Afternoon-Infilteration.pcap_ISCX.csv
321,2,2,BENIGN | PortScan,BENIGN: 1 | PortScan: 1,2,Friday-WorkingHours-Afternoon-PortScan.pcap_ISCX.csv | Thursday-WorkingHours-Afternoon-Infilteration.pcap_ISCX.csv
322,2,2,BENIGN | PortScan,BENIGN: 1 | PortScan: 1,2,Friday-WorkingHours-Afternoon-PortScan.pcap_ISCX.csv | Thursday-WorkingHours-Afternoon-Infilteration.pcap_ISCX.csv
323,2,2,BENIGN | PortScan,BENIGN: 1 | PortScan: 1,2,Friday-WorkingHours-Afternoon-PortScan.pcap_ISCX.csv | Thursday-WorkingHours-Afternoon-Infilteration.pcap_ISCX.csv
324,2,2,BENIGN | PortScan,BENIGN: 1 | PortScan: 1,2,Friday-WorkingHours-Afternoon-PortScan.pcap_ISCX.csv | Thursday-WorkingHours-Afternoon-Infilteration.pcap_ISCX.csv
325,2,2,BENIGN | PortScan,BENIGN: 1 | PortScan: 1,2,Friday-WorkingHours-Afternoon-PortScan.pcap_ISCX.csv | Thursday-WorkingHours-Afternoon-Infilteration.pcap_ISCX.csv
326,2,2,BENIGN | PortScan,BENIGN: 1 | PortScan: 1,2,Friday-WorkingHours-Afternoon-PortScan.pcap_ISCX.csv | Thursday-WorkingHours-Afternoon-Infilteration.pcap_ISCX.csv
327,2,2,BENIGN | PortScan,BENIGN: 1 | PortScan: 1,2,Friday-WorkingHours-Afternoon-PortScan.pcap_ISCX.csv | Thursday-WorkingHours-Afternoon-Infilteration.pcap_ISCX.csv
328,2,2,BENIGN | PortScan,BENIGN: 1 | PortScan: 1,2,Friday-WorkingHours-Afternoon-PortScan.pcap_ISCX.csv | Thursday-WorkingHours-Afternoon-Infilteration.pcap_ISCX.csv
329,2,2,BENIGN | PortScan,BENIGN: 1 | PortScan: 1,2,Friday-WorkingHours-Afternoon-PortScan.pcap_ISCX.csv | Thursday-WorkingHours-Afternoon-Infilteration.pcap_ISCX.csv
330,2,2,BENIGN | PortScan,BENIGN: 1 | PortScan: 1,2,Friday-WorkingHours-Afternoon-PortScan.pcap_ISCX.csv | Thursday-WorkingHours-Afternoon-Infilteration.pcap_ISCX.csv
331,2,2,BENIGN | PortScan,BENIGN: 1 | PortScan: 1,2,Friday-WorkingHours-Afternoon-PortScan.pcap_ISCX.csv | Thursday-WorkingHours-Afternoon-Infilteration.pcap_ISCX.csv
332,2,2,BENIGN | PortScan,BENIGN: 1 | PortScan: 1,2,Friday-WorkingHours-Afternoon-PortScan.pcap_ISCX.csv | Thursday-WorkingHours-Afternoon-Infilteration.pcap_ISCX.csv
333,2,2,BENIGN | PortScan,BENIGN: 1 | PortScan: 1,2,Friday-WorkingHours-Afternoon-PortScan.pcap_ISCX.csv | Thursday-WorkingHours-Afternoon-Infilteration.pcap_ISCX.csv
334,2,2,BENIGN | PortScan,BENIGN: 1 | PortScan: 1,2,Friday-WorkingHours-Afternoon-PortScan.pcap_ISCX.csv | Thursday-WorkingHours-Afternoon-Infilteration.pcap_ISCX.csv
335,2,2,BENIGN | PortScan,BENIGN: 1 | PortScan: 1,2,Friday-WorkingHours-Afternoon-PortScan.pcap_ISCX.csv | Thursday-WorkingHours-Afternoon-Infilteration.pcap_ISCX.csv
336,2,2,BENIGN | PortScan,BENIGN: 1 | PortScan: 1,2,Friday-WorkingHours-Afternoon-PortScan.pcap_ISCX.csv | Thursday-WorkingHours-Afternoon-Infilteration.pcap_ISCX.csv
337,2,2,BENIGN | PortScan,BENIGN: 1 | PortScan: 1,2,Friday-WorkingHours-Afternoon-PortScan.pcap_ISCX.csv | Thursday-WorkingHours-Afternoon-Infilteration.pcap_ISCX.csv
338,2,2,BENIGN | PortScan,BENIGN: 1 | PortScan: 1,2,Friday-WorkingHours-Afternoon-PortScan.pcap_ISCX.csv | Thursday-WorkingHours-Afternoon-Infilteration.pcap_ISCX.csv
339,2,2,BENIGN | PortScan,BENIGN: 1 | PortScan: 1,2,Friday-WorkingHours-Afternoon-PortScan.pcap_ISCX.csv | Thursday-WorkingHours-Afternoon-Infilteration.pcap_ISCX.csv
340,2,2,BENIGN | PortScan,BENIGN: 1 | PortScan: 1,2,Friday-WorkingHours-Afternoon-PortScan.pcap_ISCX.csv | Thursday-WorkingHours-Afternoon-Infilteration.pcap_ISCX.csv
341,2,2,BENIGN | PortScan,BENIGN: 1 | PortScan: 1,2,Friday-WorkingHours-Afternoon-PortScan.pcap_ISCX.csv | Thursday-WorkingHours-Afternoon-Infilteration.pcap_ISCX.csv
342,2,2,BENIGN | PortScan,BENIGN: 1 | PortScan: 1,2,Friday-WorkingHours-Afternoon-PortScan.pcap_ISCX.csv | Thursday-WorkingHours-Afternoon-Infilteration.pcap_ISCX.csv
343,2,2,BENIGN | PortScan,BENIGN: 1 | PortScan: 1,2,Friday-WorkingHours-Afternoon-PortScan.pcap_ISCX.csv | Thursday-WorkingHours-Afternoon-Infilteration.pcap_ISCX.csv
344,2,2,BENIGN | PortScan,BENIGN: 1 | PortScan: 1,2,Friday-WorkingHours-Afternoon-PortScan.pcap_ISCX.csv | Thursday-WorkingHours-Afternoon-Infilteration.pcap_ISCX.csv
345,2,2,BENIGN | PortScan,BENIGN: 1 | PortScan: 1,2,Friday-WorkingHours-Afternoon-PortScan.pcap_ISCX.csv | Thursday-WorkingHours-Afternoon-Infilteration.pcap_ISCX.csv
346,2,2,BENIGN | PortScan,BENIGN: 1 | PortScan: 1,2,Friday-WorkingHours-Afternoon-PortScan.pcap_ISCX.csv | Thursday-WorkingHours-Afternoon-Infilteration.pcap_ISCX.csv
347,2,2,BENIGN | PortScan,BENIGN: 1 | PortScan: 1,2,Friday-WorkingHours-Afternoon-PortScan.pcap_ISCX.csv | Thursday-WorkingHours-Afternoon-Infilteration.pcap_ISCX.csv
348,2,2,BENIGN | PortScan,BENIGN: 1 | PortScan: 1,2,Friday-WorkingHours-Afternoon-PortScan.pcap_ISCX.csv | Thursday-WorkingHours-Afternoon-Infilteration.pcap_ISCX.csv
349,2,2,BENIGN | PortScan,BENIGN: 1 | PortScan: 1,2,Friday-WorkingHours-Afternoon-PortScan.pcap_ISCX.csv | Thursday-WorkingHours-Afternoon-Infilteration.pcap_ISCX.csv
350,2,2,BENIGN | PortScan,BENIGN: 1 | PortScan: 1,2,Friday-WorkingHours-Afternoon-PortScan.pcap_ISCX.csv | Thursday-WorkingHours-Afternoon-Infilteration.pcap_ISCX.csv
351,2,2,BENIGN | PortScan,BENIGN: 1 | PortScan: 1,2,Friday-WorkingHours-Afternoon-PortScan.pcap_ISCX.csv | Thursday-WorkingHours-Afternoon-Infilteration.pcap_ISCX.csv
352,2,2,BENIGN | PortScan,BENIGN: 1 | PortScan: 1,2,Friday-WorkingHours-Afternoon-PortScan.pcap_ISCX.csv | Thursday-WorkingHours-Afternoon-Infilteration.pcap_ISCX.csv
353,2,2,BENIGN | PortScan,BENIGN: 1 | PortScan: 1,2,Friday-WorkingHours-Afternoon-PortScan.pcap_ISCX.csv | Thursday-WorkingHours-Afternoon-Infilteration.pcap_ISCX.csv
354,2,2,BENIGN | PortScan,BENIGN: 1 | PortScan: 1,2,Friday-WorkingHours-Afternoon-PortScan.pcap_ISCX.csv | Thursday-WorkingHours-Afternoon-Infilteration.pcap_ISCX.csv
355,2,2,BENIGN | PortScan,BENIGN: 1 | PortScan: 1,2,Friday-WorkingHours-Afternoon-PortScan.pcap_ISCX.csv | Thursday-WorkingHours-Afternoon-Infilteration.pcap_ISCX.csv
356,2,2,BENIGN | PortScan,BENIGN: 1 | PortScan: 1,2,Friday-WorkingHours-Afternoon-PortScan.pcap_ISCX.csv | Thursday-WorkingHours-Afternoon-Infilteration.pcap_ISCX.csv
357,2,2,BENIGN | PortScan,BENIGN: 1 | PortScan: 1,2,Friday-WorkingHours-Afternoon-PortScan.pcap_ISCX.csv | Thursday-WorkingHours-Afternoon-Infilteration.pcap_ISCX.csv
358,2,2,BENIGN | PortScan,BENIGN: 1 | PortScan: 1,2,Friday-WorkingHours-Afternoon-PortScan.pcap_ISCX.csv | Thursday-WorkingHours-Afternoon-Infilteration.pcap_ISCX.csv
359,2,2,BENIGN | PortScan,BENIGN: 1 | PortScan: 1,2,Friday-WorkingHours-Afternoon-PortScan.pcap_ISCX.csv | Thursday-WorkingHours-Afternoon-Infilteration.pcap_ISCX.csv
360,2,2,BENIGN | PortScan,BENIGN: 1 | PortScan: 1,2,Friday-WorkingHours-Afternoon-PortScan.pcap_ISCX.csv | Thursday-WorkingHours-Afternoon-Infilteration.pcap_ISCX.csv
361,2,2,BENIGN | PortScan,BENIGN: 1 | PortScan: 1,2,Friday-WorkingHours-Afternoon-PortScan.pcap_ISCX.csv | Thursday-WorkingHours-Afternoon-Infilteration.pcap_ISCX.csv
362,2,2,BENIGN | PortScan,BENIGN: 1 | PortScan: 1,2,Friday-WorkingHours-Afternoon-PortScan.pcap_ISCX.csv | Thursday-WorkingHours-Afternoon-Infilteration.pcap_ISCX.csv
363,2,2,BENIGN | PortScan,BENIGN: 1 | PortScan: 1,2,Friday-WorkingHours-Afternoon-PortScan.pcap_ISCX.csv | Thursday-WorkingHours-Afternoon-Infilteration.pcap_ISCX.csv
364,2,2,BENIGN | PortScan,BENIGN: 1 | PortScan: 1,2,Friday-WorkingHours-Afternoon-PortScan.pcap_ISCX.csv | Thursday-WorkingHours-Afternoon-Infilteration.pcap_ISCX.csv
365,2,2,BENIGN | PortScan,BENIGN: 1 | PortScan: 1,2,Friday-WorkingHours-Afternoon-PortScan.pcap_ISCX.csv | Thursday-WorkingHours-Afternoon-Infilteration.pcap_ISCX.csv
366,2,2,BENIGN | PortScan,BENIGN: 1 | PortScan: 1,2,Friday-WorkingHours-Afternoon-PortScan.pcap_ISCX.csv | Thursday-WorkingHours-Afternoon-Infilteration.pcap_ISCX.csv
367,2,2,BENIGN | PortScan,BENIGN: 1 | PortScan: 1,2,Friday-WorkingHours-Afternoon-PortScan.pcap_ISCX.csv | Thursday-WorkingHours-Afternoon-Infilteration.pcap_ISCX.csv
368,2,2,BENIGN | PortScan,BENIGN: 1 | PortScan: 1,2,Friday-WorkingHours-Afternoon-PortScan.pcap_ISCX.csv | Thursday-WorkingHours-Afternoon-Infilteration.pcap_ISCX.csv
369,2,2,BENIGN | PortScan,BENIGN: 1 | PortScan: 1,2,Friday-WorkingHours-Afternoon-PortScan.pcap_ISCX.csv | Thursday-WorkingHours-Afternoon-Infilteration.pcap_ISCX.csv
370,2,2,BENIGN | PortScan,BENIGN: 1 | PortScan: 1,2,Friday-WorkingHours-Afternoon-PortScan.pcap_ISCX.csv | Thursday-WorkingHours-Afternoon-Infilteration.pcap_ISCX.csv
371,2,2,BENIGN | PortScan,BENIGN: 1 | PortScan: 1,2,Friday-WorkingHours-Afternoon-PortScan.pcap_ISCX.csv | Thursday-WorkingHours-Afternoon-Infilteration.pcap_ISCX.csv
372,2,2,BENIGN | PortScan,BENIGN: 1 | PortScan: 1,2,Friday-WorkingHours-Afternoon-PortScan.pcap_ISCX.csv | Thursday-WorkingHours-Afternoon-Infilteration.pcap_ISCX.csv
373,2,2,BENIGN | PortScan,BENIGN: 1 | PortScan: 1,2,Friday-WorkingHours-Afternoon-PortScan.pcap_ISCX.csv | Thursday-WorkingHours-Afternoon-Infilteration.pcap_ISCX.csv
374,2,2,BENIGN | PortScan,BENIGN: 1 | PortScan: 1,2,Friday-WorkingHours-Afternoon-PortScan.pcap_ISCX.csv | Thursday-WorkingHours-Afternoon-Infilteration.pcap_ISCX.csv
375,2,2,BENIGN | PortScan,BENIGN: 1 | PortScan: 1,2,Friday-WorkingHours-Afternoon-PortScan.pcap_ISCX.csv | Thursday-WorkingHours-Afternoon-Infilteration.pcap_ISCX.csv
376,2,2,BENIGN | PortScan,BENIGN: 1 | PortScan: 1,2,Friday-WorkingHours-Afternoon-PortScan.pcap_ISCX.csv | Thursday-WorkingHours-Afternoon-Infilteration.pcap_ISCX.csv
377,2,2,BENIGN | PortScan,BENIGN: 1 | PortScan: 1,2,Friday-WorkingHours-Afternoon-PortScan.pcap_ISCX.csv | Thursday-WorkingHours-Afternoon-Infilteration.pcap_ISCX.csv
378,2,2,BENIGN | PortScan,BENIGN: 1 | PortScan: 1,2,Friday-WorkingHours-Afternoon-PortScan.pcap_ISCX.csv | Thursday-WorkingHours-Afternoon-Infilteration.pcap_ISCX.csv
379,2,2,BENIGN | PortScan,BENIGN: 1 | PortScan: 1,2,Friday-WorkingHours-Afternoon-PortScan.pcap_ISCX.csv | Thursday-WorkingHours-Afternoon-Infilteration.pcap_ISCX.csv
380,2,2,BENIGN | PortScan,BENIGN: 1 | PortScan: 1,2,Friday-WorkingHours-Afternoon-PortScan.pcap_ISCX.csv | Thursday-WorkingHours-Afternoon-Infilteration.pcap_ISCX.csv
381,2,2,BENIGN | PortScan,BENIGN: 1 | PortScan: 1,2,Friday-WorkingHours-Afternoon-PortScan.pcap_ISCX.csv | Thursday-WorkingHours-Afternoon-Infilteration.pcap_ISCX.csv
382,2,2,BENIGN | PortScan,BENIGN: 1 | PortScan: 1,2,Friday-WorkingHours-Afternoon-PortScan.pcap_ISCX.csv | Thursday-WorkingHours-Afternoon-Infilteration.pcap_ISCX.csv
383,2,2,BENIGN | PortScan,BENIGN: 1 | PortScan: 1,2,Friday-WorkingHours-Afternoon-PortScan.pcap_ISCX.csv | Thursday-WorkingHours-Afternoon-Infilteration.pcap_ISCX.csv
384,2,2,BENIGN | PortScan,BENIGN: 1 | PortScan: 1,2,Friday-WorkingHours-Afternoon-PortScan.pcap_ISCX.csv | Thursday-WorkingHours-Afternoon-Infilteration.pcap_ISCX.csv
385,2,2,BENIGN | PortScan,BENIGN: 1 | PortScan: 1,2,Friday-WorkingHours-Afternoon-PortScan.pcap_ISCX.csv | Thursday-WorkingHours-Afternoon-Infilteration.pcap_ISCX.csv
386,2,2,BENIGN | PortScan,BENIGN: 1 | PortScan: 1,2,Friday-WorkingHours-Afternoon-PortScan.pcap_ISCX.csv | Thursday-WorkingHours-Afternoon-Infilteration.pcap_ISCX.csv
387,2,2,BENIGN | PortScan,BENIGN: 1 | PortScan: 1,2,Friday-WorkingHours-Afternoon-PortScan.pcap_ISCX.csv | Thursday-WorkingHours-Afternoon-Infilteration.pcap_ISCX.csv
388,2,2,BENIGN | PortScan,BENIGN: 1 | PortScan: 1,2,Friday-WorkingHours-Afternoon-PortScan.pcap_ISCX.csv | Thursday-WorkingHours-Afternoon-Infilteration.pcap_ISCX.csv
389,2,2,BENIGN | PortScan,BENIGN: 1 | PortScan: 1,2,Friday-WorkingHours-Afternoon-PortScan.pcap_ISCX.csv | Thursday-WorkingHours-Afternoon-Infilteration.pcap_ISCX.csv
390,2,2,BENIGN | PortScan,BENIGN: 1 | PortScan: 1,2,Friday-WorkingHours-Afternoon-PortScan.pcap_ISCX.csv | Thursday-WorkingHours-Afternoon-Infilteration.pcap_ISCX.csv
391,2,2,BENIGN | PortScan,BENIGN: 1 | PortScan: 1,2,Friday-WorkingHours-Afternoon-PortScan.pcap_ISCX.csv | Thursday-WorkingHours-Afternoon-Infilteration.pcap_ISCX.csv
392,2,2,BENIGN | PortScan,BENIGN: 1 | PortScan: 1,2,Friday-WorkingHours-Afternoon-PortScan.pcap_ISCX.csv | Thursday-WorkingHours-Afternoon-Infilteration.pcap_ISCX.csv
393,2,2,BENIGN | PortScan,BENIGN: 1 | PortScan: 1,2,Friday-WorkingHours-Afternoon-PortScan.pcap_ISCX.csv | Thursday-WorkingHours-Afternoon-Infilteration.pcap_ISCX.csv
394,2,2,BENIGN | PortScan,BENIGN: 1 | PortScan: 1,2,Friday-WorkingHours-Afternoon-PortScan.pcap_ISCX.csv | Thursday-WorkingHours-Afternoon-Infilteration.pcap_ISCX.csv
395,2,2,BENIGN | PortScan,BENIGN: 1 | PortScan: 1,2,Friday-WorkingHours-Afternoon-PortScan.pcap_ISCX.csv | Thursday-WorkingHours-Afternoon-Infilteration.pcap_ISCX.csv
396,2,2,BENIGN | PortScan,BENIGN: 1 | PortScan: 1,2,Friday-WorkingHours-Afternoon-PortScan.pcap_ISCX.csv | Thursday-WorkingHours-Afternoon-Infilteration.pcap_ISCX.csv
397,2,2,BENIGN | PortScan,BENIGN: 1 | PortScan: 1,2,Friday-WorkingHours-Afternoon-PortScan.pcap_ISCX.csv | Thursday-WorkingHours-Afternoon-Infilteration.pcap_ISCX.csv
398,2,2,BENIGN | PortScan,BENIGN: 1 | PortScan: 1,2,Friday-WorkingHours-Afternoon-PortScan.pcap_ISCX.csv | Thursday-WorkingHours-Afternoon-Infilteration.pcap_ISCX.csv
399,2,2,BENIGN | PortScan,BENIGN: 1 | PortScan: 1,2,Friday-WorkingHours-Afternoon-PortScan.pcap_ISCX.csv | Thursday-WorkingHours-Afternoon-Infilteration.pcap_ISCX.csv
400,2,2,BENIGN | PortScan,BENIGN: 1 | PortScan: 1,2,Friday-WorkingHours-Afternoon-PortScan.pcap_ISCX.csv | Thursday-WorkingHours-Afternoon-Infilteration.pcap_ISCX.csv
401,2,2,BENIGN | PortScan,BENIGN: 1 | PortScan: 1,2,Friday-WorkingHours-Afternoon-PortScan.pcap_ISCX.csv | Thursday-WorkingHours-Afternoon-Infilteration.pcap_ISCX.csv
402,3,2,BENIGN | PortScan,BENIGN: 2 | PortScan: 1,2,Friday-WorkingHours-Afternoon-PortScan.pcap_ISCX.csv | Thursday-WorkingHours-Afternoon-Infilteration.pcap_ISCX.csv
403,2,2,BENIGN | PortScan,BENIGN: 1 | PortScan: 1,2,Friday-WorkingHours-Afternoon-PortScan.pcap_ISCX.csv | Thursday-WorkingHours-Afternoon-Infilteration.pcap_ISCX.csv
404,2,2,BENIGN | PortScan,BENIGN: 1 | PortScan: 1,2,Friday-WorkingHours-Afternoon-PortScan.pcap_ISCX.csv | Thursday-WorkingHours-Afternoon-Infilteration.pcap_ISCX.csv
405,2,2,BENIGN | PortScan,BENIGN: 1 | PortScan: 1,2,Friday-WorkingHours-Afternoon-PortScan.pcap_ISCX.csv | Thursday-WorkingHours-Afternoon-Infilteration.pcap_ISCX.csv
406,2,2,BENIGN | PortScan,BENIGN: 1 | PortScan: 1,2,Friday-WorkingHours-Afternoon-PortScan.pcap_ISCX.csv | Thursday-WorkingHours-Afternoon-Infilteration.pcap_ISCX.csv
407,2,2,BENIGN | PortScan,BENIGN: 1 | PortScan: 1,2,Friday-WorkingHours-Afternoon-PortScan.pcap_ISCX.csv | Thursday-WorkingHours-Afternoon-Infilteration.pcap_ISCX.csv
408,2,2,BENIGN | PortScan,BENIGN: 1 | PortScan: 1,2,Friday-WorkingHours-Afternoon-PortScan.pcap_ISCX.csv | Thursday-WorkingHours-Afternoon-Infilteration.pcap_ISCX.csv
409,2,2,BENIGN | PortScan,BENIGN: 1 | PortScan: 1,2,Friday-WorkingHours-Afternoon-PortScan.pcap_ISCX.csv | Thursday-WorkingHours-Afternoon-Infilteration.pcap_ISCX.csv
410,2,2,BENIGN | PortScan,BENIGN: 1 | PortScan: 1,2,Friday-WorkingHours-Afternoon-PortScan.pcap_ISCX.csv | Thursday-WorkingHours-Afternoon-Infilteration.pcap_ISCX.csv
411,2,2,BENIGN | PortScan,BENIGN: 1 | PortScan: 1,2,Friday-WorkingHours-Afternoon-PortScan.pcap_ISCX.csv | Thursday-WorkingHours-Afternoon-Infilteration.pcap_ISCX.csv
412,2,2,BENIGN | PortScan,BENIGN: 1 | PortScan: 1,2,Friday-WorkingHours-Afternoon-PortScan.pcap_ISCX.csv | Thursday-WorkingHours-Afternoon-Infilteration.pcap_ISCX.csv
413,2,2,BENIGN | PortScan,BENIGN: 1 | PortScan: 1,2,Friday-WorkingHours-Afternoon-PortScan.pcap_ISCX.csv | Thursday-WorkingHours-Afternoon-Infilteration.pcap_ISCX.csv
414,2,2,BENIGN | PortScan,BENIGN: 1 | PortScan: 1,2,Friday-WorkingHours-Afternoon-PortScan.pcap_ISCX.csv | Thursday-WorkingHours-Afternoon-Infilteration.pcap_ISCX.csv
415,2,2,BENIGN | PortScan,BENIGN: 1 | PortScan: 1,2,Friday-WorkingHours-Afternoon-PortScan.pcap_ISCX.csv | Thursday-WorkingHours-Afternoon-Infilteration.pcap_ISCX.csv
416,2,2,BENIGN | PortScan,BENIGN: 1 | PortScan: 1,2,Friday-WorkingHours-Afternoon-PortScan.pcap_ISCX.csv | Thursday-WorkingHours-Afternoon-Infilteration.pcap_ISCX.csv
417,2,2,BENIGN | PortScan,BENIGN: 1 | PortScan: 1,2,Friday-WorkingHours-Afternoon-PortScan.pcap_ISCX.csv | Thursday-WorkingHours-Afternoon-Infilteration.pcap_ISCX.csv
418,2,2,BENIGN | PortScan,BENIGN: 1 | PortScan: 1,2,Friday-WorkingHours-Afternoon-PortScan.pcap_ISCX.csv | Thursday-WorkingHours-Afternoon-Infilteration.pcap_ISCX.csv
419,2,2,BENIGN | PortScan,BENIGN: 1 | PortScan: 1,2,Friday-WorkingHours-Afternoon-PortScan.pcap_ISCX.csv | Thursday-WorkingHours-Afternoon-Infilteration.pcap_ISCX.csv
420,2,2,BENIGN | PortScan,BENIGN: 1 | PortScan: 1,2,Friday-WorkingHours-Afternoon-PortScan.pcap_ISCX.csv | Thursday-WorkingHours-Afternoon-Infilteration.pcap_ISCX.csv
421,2,2,BENIGN | PortScan,BENIGN: 1 | PortScan: 1,2,Friday-WorkingHours-Afternoon-PortScan.pcap_ISCX.csv | Thursday-WorkingHours-Afternoon-Infilteration.pcap_ISCX.csv
422,2,2,BENIGN | PortScan,BENIGN: 1 | PortScan: 1,2,Friday-WorkingHours-Afternoon-PortScan.pcap_ISCX.csv | Thursday-WorkingHours-Afternoon-Infilteration.pcap_ISCX.csv
423,2,2,BENIGN | PortScan,BENIGN: 1 | PortScan: 1,2,Friday-WorkingHours-Afternoon-PortScan.pcap_ISCX.csv | Thursday-WorkingHours-Afternoon-Infilteration.pcap_ISCX.csv
424,2,2,BENIGN | PortScan,BENIGN: 1 | PortScan: 1,2,Friday-WorkingHours-Afternoon-PortScan.pcap_ISCX.csv | Thursday-WorkingHours-Afternoon-Infilteration.pcap_ISCX.csv
425,2,2,BENIGN | PortScan,BENIGN: 1 | PortScan: 1,2,Friday-WorkingHours-Afternoon-PortScan.pcap_ISCX.csv | Thursday-WorkingHours-Afternoon-Infilteration.pcap_ISCX.csv
426,2,2,BENIGN | PortScan,BENIGN: 1 | PortScan: 1,2,Friday-WorkingHours-Afternoon-PortScan.pcap_ISCX.csv | Thursday-WorkingHours-Afternoon-Infilteration.pcap_ISCX.csv
427,2,2,BENIGN | PortScan,BENIGN: 1 | PortScan: 1,2,Friday-WorkingHours-Afternoon-PortScan.pcap_ISCX.csv | Thursday-WorkingHours-Afternoon-Infilteration.pcap_ISCX.csv
428,2,2,BENIGN | PortScan,BENIGN: 1 | PortScan: 1,2,Friday-WorkingHours-Afternoon-PortScan.pcap_ISCX.csv | Thursday-WorkingHours-Afternoon-Infilteration.pcap_ISCX.csv
429,2,2,BENIGN | PortScan,BENIGN: 1 | PortScan: 1,2,Friday-WorkingHours-Afternoon-PortScan.pcap_ISCX.csv | Thursday-WorkingHours-Afternoon-Infilteration.pcap_ISCX.csv
430,2,2,BENIGN | PortScan,BENIGN: 1 | PortScan: 1,2,Friday-WorkingHours-Afternoon-PortScan.pcap_ISCX.csv | Thursday-WorkingHours-Afternoon-Infilteration.pcap_ISCX.csv
431,2,2,BENIGN | PortScan,BENIGN: 1 | PortScan: 1,2,Friday-WorkingHours-Afternoon-PortScan.pcap_ISCX.csv | Thursday-WorkingHours-Afternoon-Infilteration.pcap_ISCX.csv
432,2,2,BENIGN | PortScan,BENIGN: 1 | PortScan: 1,2,Friday-WorkingHours-Afternoon-PortScan.pcap_ISCX.csv | Thursday-WorkingHours-Afternoon-Infilteration.pcap_ISCX.csv
433,2,2,BENIGN | PortScan,BENIGN: 1 | PortScan: 1,2,Friday-WorkingHours-Afternoon-PortScan.pcap_ISCX.csv | Thursday-WorkingHours-Afternoon-Infilteration.pcap_ISCX.csv
434,2,2,BENIGN | PortScan,BENIGN: 1 | PortScan: 1,2,Friday-WorkingHours-Afternoon-PortScan.pcap_ISCX.csv | Thursday-WorkingHours-Afternoon-Infilteration.pcap_ISCX.csv
435,2,2,BENIGN | PortScan,BENIGN: 1 | PortScan: 1,2,Friday-WorkingHours-Afternoon-PortScan.pcap_ISCX.csv | Thursday-WorkingHours-Afternoon-Infilteration.pcap_ISCX.csv
436,2,2,BENIGN | PortScan,BENIGN: 1 | PortScan: 1,2,Friday-WorkingHours-Afternoon-PortScan.pcap_ISCX.csv | Thursday-WorkingHours-Afternoon-Infilteration.pcap_ISCX.csv
437,2,2,BENIGN | PortScan,BENIGN: 1 | PortScan: 1,2,Friday-WorkingHours-Afternoon-PortScan.pcap_ISCX.csv | Thursday-WorkingHours-Afternoon-Infilteration.pcap_ISCX.csv
438,2,2,BENIGN | PortScan,BENIGN: 1 | PortScan: 1,2,Friday-WorkingHours-Afternoon-PortScan.pcap_ISCX.csv | Thursday-WorkingHours-Afternoon-Infilteration.pcap_ISCX.csv
439,2,2,BENIGN | PortScan,BENIGN: 1 | PortScan: 1,2,Friday-WorkingHours-Afternoon-PortScan.pcap_ISCX.csv | Thursday-WorkingHours-Afternoon-Infilteration.pcap_ISCX.csv
440,2,2,BENIGN | PortScan,BENIGN: 1 | PortScan: 1,2,Friday-WorkingHours-Afternoon-PortScan.pcap_ISCX.csv | Thursday-WorkingHours-Afternoon-Infilteration.pcap_ISCX.csv
441,2,2,BENIGN | PortScan,BENIGN: 1 | PortScan: 1,2,Friday-WorkingHours-Afternoon-PortScan.pcap_ISCX.csv | Thursday-WorkingHours-Afternoon-Infilteration.pcap_ISCX.csv
442,2,2,BENIGN | PortScan,BENIGN: 1 | PortScan: 1,2,Friday-WorkingHours-Afternoon-PortScan.pcap_ISCX.csv | Thursday-WorkingHours-Afternoon-Infilteration.pcap_ISCX.csv
443,2,2,BENIGN | PortScan,BENIGN: 1 | PortScan: 1,2,Friday-WorkingHours-Afternoon-PortScan.pcap_ISCX.csv | Thursday-WorkingHours-Afternoon-Infilteration.pcap_ISCX.csv
444,2,2,BENIGN | PortScan,BENIGN: 1 | PortScan: 1,2,Friday-WorkingHours-Afternoon-PortScan.pcap_ISCX.csv | Thursday-WorkingHours-Afternoon-Infilteration.pcap_ISCX.csv
445,2,2,BENIGN | PortScan,BENIGN: 1 | PortScan: 1,2,Friday-WorkingHours-Afternoon-PortScan.pcap_ISCX.csv | Thursday-WorkingHours-Afternoon-Infilteration.pcap_ISCX.csv
446,2,2,BENIGN | PortScan,BENIGN: 1 | PortScan: 1,2,Friday-WorkingHours-Afternoon-PortScan.pcap_ISCX.csv | Thursday-WorkingHours-Afternoon-Infilteration.pcap_ISCX.csv
447,2,2,BENIGN | PortScan,BENIGN: 1 | PortScan: 1,2,Friday-WorkingHours-Afternoon-PortScan.pcap_ISCX.csv | Thursday-WorkingHours-Afternoon-Infilteration.pcap_ISCX.csv
448,2,2,BENIGN | PortScan,BENIGN: 1 | PortScan: 1,2,Friday-WorkingHours-Afternoon-PortScan.pcap_ISCX.csv | Thursday-WorkingHours-Afternoon-Infilteration.pcap_ISCX.csv
449,2,2,BENIGN | PortScan,BENIGN: 1 | PortScan: 1,2,Friday-WorkingHours-Afternoon-PortScan.pcap_ISCX.csv | Thursday-WorkingHours-Afternoon-Infilteration.pcap_ISCX.csv
450,2,2,BENIGN | PortScan,BENIGN: 1 | PortScan: 1,2,Friday-WorkingHours-Afternoon-PortScan.pcap_ISCX.csv | Thursday-WorkingHours-Afternoon-Infilteration.pcap_ISCX.csv
451,2,2,BENIGN | PortScan,BENIGN: 1 | PortScan: 1,2,Friday-WorkingHours-Afternoon-PortScan.pcap_ISCX.csv | Thursday-WorkingHours-Afternoon-Infilteration.pcap_ISCX.csv
452,2,2,BENIGN | PortScan,BENIGN: 1 | PortScan: 1,2,Friday-WorkingHours-Afternoon-PortScan.pcap_ISCX.csv | Thursday-WorkingHours-Afternoon-Infilteration.pcap_ISCX.csv
453,2,2,BENIGN | PortScan,BENIGN: 1 | PortScan: 1,2,Friday-WorkingHours-Afternoon-PortScan.pcap_ISCX.csv | Thursday-WorkingHours-Afternoon-Infilteration.pcap_ISCX.csv
454,2,2,BENIGN | PortScan,BENIGN: 1 | PortScan: 1,2,Friday-WorkingHours-Afternoon-PortScan.pcap_ISCX.csv | Thursday-WorkingHours-Afternoon-Infilteration.pcap_ISCX.csv
455,2,2,BENIGN | PortScan,BENIGN: 1 | PortScan: 1,2,Friday-WorkingHours-Afternoon-PortScan.pcap_ISCX.csv | Thursday-WorkingHours-Afternoon-Infilteration.pcap_ISCX.csv
456,2,2,BENIGN | PortScan,BENIGN: 1 | PortScan: 1,2,Friday-WorkingHours-Afternoon-PortScan.pcap_ISCX.csv | Thursday-WorkingHours-Afternoon-Infilteration.pcap_ISCX.csv
457,2,2,BENIGN | PortScan,BENIGN: 1 | PortScan: 1,2,Friday-WorkingHours-Afternoon-PortScan.pcap_ISCX.csv | Thursday-WorkingHours-Afternoon-Infilteration.pcap_ISCX.csv
458,2,2,BENIGN | PortScan,BENIGN: 1 | PortScan: 1,2,Friday-WorkingHours-Afternoon-PortScan.pcap_ISCX.csv | Thursday-WorkingHours-Afternoon-Infilteration.pcap_ISCX.csv
459,2,2,BENIGN | PortScan,BENIGN: 1 | PortScan: 1,2,Friday-WorkingHours-Afternoon-PortScan.pcap_ISCX.csv | Thursday-WorkingHours-Afternoon-Infilteration.pcap_ISCX.csv
460,2,2,BENIGN | PortScan,BENIGN: 1 | PortScan: 1,2,Friday-WorkingHours-Afternoon-PortScan.pcap_ISCX.csv | Thursday-WorkingHours-Afternoon-Infilteration.pcap_ISCX.csv
461,2,2,BENIGN | PortScan,BENIGN: 1 | PortScan: 1,2,Friday-WorkingHours-Afternoon-PortScan.pcap_ISCX.csv | Thursday-WorkingHours-Afternoon-Infilteration.pcap_ISCX.csv
462,2,2,BENIGN | PortScan,BENIGN: 1 | PortScan: 1,2,Friday-WorkingHours-Afternoon-PortScan.pcap_ISCX.csv | Thursday-WorkingHours-Afternoon-Infilteration.pcap_ISCX.csv
463,2,2,BENIGN | PortScan,BENIGN: 1 | PortScan: 1,2,Friday-WorkingHours-Afternoon-PortScan.pcap_ISCX.csv | Thursday-WorkingHours-Afternoon-Infilteration.pcap_ISCX.csv
464,2,2,BENIGN | PortScan,BENIGN: 1 | PortScan: 1,2,Friday-WorkingHours-Afternoon-PortScan.pcap_ISCX.csv | Thursday-WorkingHours-Afternoon-Infilteration.pcap_ISCX.csv
465,2,2,BENIGN | PortScan,BENIGN: 1 | PortScan: 1,2,Friday-WorkingHours-Afternoon-PortScan.pcap_ISCX.csv | Thursday-WorkingHours-Afternoon-Infilteration.pcap_ISCX.csv
466,2,2,BENIGN | PortScan,BENIGN: 1 | PortScan: 1,2,Friday-WorkingHours-Afternoon-PortScan.pcap_ISCX.csv | Thursday-WorkingHours-Afternoon-Infilteration.pcap_ISCX.csv
467,2,2,BENIGN | PortScan,BENIGN: 1 | PortScan: 1,2,Friday-WorkingHours-Afternoon-PortScan.pcap_ISCX.csv | Thursday-WorkingHours-Afternoon-Infilteration.pcap_ISCX.csv
468,2,2,BENIGN | PortScan,BENIGN: 1 | PortScan: 1,2,Friday-WorkingHours-Afternoon-PortScan.pcap_ISCX.csv | Thursday-WorkingHours-Afternoon-Infilteration.pcap_ISCX.csv
469,2,2,BENIGN | PortScan,BENIGN: 1 | PortScan: 1,2,Friday-WorkingHours-Afternoon-PortScan.pcap_ISCX.csv | Thursday-WorkingHours-Afternoon-Infilteration.pcap_ISCX.csv
470,2,2,BENIGN | PortScan,BENIGN: 1 | PortScan: 1,2,Friday-WorkingHours-Afternoon-PortScan.pcap_ISCX.csv | Thursday-WorkingHours-Afternoon-Infilteration.pcap_ISCX.csv
471,2,2,BENIGN | PortScan,BENIGN: 1 | PortScan: 1,2,Friday-WorkingHours-Afternoon-PortScan.pcap_ISCX.csv | Thursday-WorkingHours-Afternoon-Infilteration.pcap_ISCX.csv
472,2,2,BENIGN | PortScan,BENIGN: 1 | PortScan: 1,2,Friday-WorkingHours-Afternoon-PortScan.pcap_ISCX.csv | Thursday-WorkingHours-Afternoon-Infilteration.pcap_ISCX.csv
473,2,2,BENIGN | PortScan,BENIGN: 1 | PortScan: 1,2,Friday-WorkingHours-Afternoon-PortScan.pcap_ISCX.csv | Thursday-WorkingHours-Afternoon-Infilteration.pcap_ISCX.csv
474,2,2,BENIGN | PortScan,BENIGN: 1 | PortScan: 1,2,Friday-WorkingHours-Afternoon-PortScan.pcap_ISCX.csv | Thursday-WorkingHours-Afternoon-Infilteration.pcap_ISCX.csv
475,2,2,BENIGN | PortScan,BENIGN: 1 | PortScan: 1,2,Friday-WorkingHours-Afternoon-PortScan.pcap_ISCX.csv | Thursday-WorkingHours-Afternoon-Infilteration.pcap_ISCX.csv
476,2,2,BENIGN | PortScan,BENIGN: 1 | PortScan: 1,2,Friday-WorkingHours-Afternoon-PortScan.pcap_ISCX.csv | Thursday-WorkingHours-Afternoon-Infilteration.pcap_ISCX.csv
477,2,2,BENIGN | PortScan,BENIGN: 1 | PortScan: 1,2,Friday-WorkingHours-Afternoon-PortScan.pcap_ISCX.csv | Thursday-WorkingHours-Afternoon-Infilteration.pcap_ISCX.csv
478,2,2,BENIGN | PortScan,BENIGN: 1 | PortScan: 1,2,Friday-WorkingHours-Afternoon-PortScan.pcap_ISCX.csv | Thursday-WorkingHours-Afternoon-Infilteration.pcap_ISCX.csv
479,2,2,BENIGN | PortScan,BENIGN: 1 | PortScan: 1,2,Friday-WorkingHours-Afternoon-PortScan.pcap_ISCX.csv | Thursday-WorkingHours-Afternoon-Infilteration.pcap_ISCX.csv
480,2,2,BENIGN | PortScan,BENIGN: 1 | PortScan: 1,2,Friday-WorkingHours-Afternoon-PortScan.pcap_ISCX.csv | Thursday-WorkingHours-Afternoon-Infilteration.pcap_ISCX.csv
481,2,2,BENIGN | PortScan,BENIGN: 1 | PortScan: 1,2,Friday-WorkingHours-Afternoon-PortScan.pcap_ISCX.csv | Thursday-WorkingHours-Afternoon-Infilteration.pcap_ISCX.csv
482,2,2,BENIGN | PortScan,BENIGN: 1 | PortScan: 1,2,Friday-WorkingHours-Afternoon-PortScan.pcap_ISCX.csv | Thursday-WorkingHours-Afternoon-Infilteration.pcap_ISCX.csv
483,2,2,BENIGN | PortScan,BENIGN: 1 | PortScan: 1,2,Friday-WorkingHours-Afternoon-PortScan.pcap_ISCX.csv | Thursday-WorkingHours-Afternoon-Infilteration.pcap_ISCX.csv
484,2,2,BENIGN | PortScan,BENIGN: 1 | PortScan: 1,2,Friday-WorkingHours-Afternoon-PortScan.pcap_ISCX.csv | Thursday-WorkingHours-Afternoon-Infilteration.pcap_ISCX.csv
485,2,2,BENIGN | PortScan,BENIGN: 1 | PortScan: 1,2,Friday-WorkingHours-Afternoon-PortScan.pcap_ISCX.csv | Thursday-WorkingHours-Afternoon-Infilteration.pcap_ISCX.csv
486,2,2,BENIGN | PortScan,BENIGN: 1 | PortScan: 1,2,Friday-WorkingHours-Afternoon-PortScan.pcap_ISCX.csv | Thursday-WorkingHours-Afternoon-Infilteration.pcap_ISCX.csv
487,2,2,BENIGN | PortScan,BENIGN: 1 | PortScan: 1,2,Friday-WorkingHours-Afternoon-PortScan.pcap_ISCX.csv | Thursday-WorkingHours-Afternoon-Infilteration.pcap_ISCX.csv
488,2,2,BENIGN | PortScan,BENIGN: 1 | PortScan: 1,2,Friday-WorkingHours-Afternoon-PortScan.pcap_ISCX.csv | Thursday-WorkingHours-Afternoon-Infilteration.pcap_ISCX.csv
489,2,2,BENIGN | PortScan,BENIGN: 1 | PortScan: 1,2,Friday-WorkingHours-Afternoon-PortScan.pcap_ISCX.csv | Thursday-WorkingHours-Afternoon-Infilteration.pcap_ISCX.csv
490,2,2,BENIGN | PortScan,BENIGN: 1 | PortScan: 1,2,Friday-WorkingHours-Afternoon-PortScan.pcap_ISCX.csv | Thursday-WorkingHours-Afternoon-Infilteration.pcap_ISCX.csv
491,2,2,BENIGN | PortScan,BENIGN: 1 | PortScan: 1,2,Friday-WorkingHours-Afternoon-PortScan.pcap_ISCX.csv | Thursday-WorkingHours-Afternoon-Infilteration.pcap_ISCX.csv
492,2,2,BENIGN | PortScan,BENIGN: 1 | PortScan: 1,2,Friday-WorkingHours-Afternoon-PortScan.pcap_ISCX.csv | Thursday-WorkingHours-Afternoon-Infilteration.pcap_ISCX.csv
493,2,2,BENIGN | PortScan,BENIGN: 1 | PortScan: 1,2,Friday-WorkingHours-Afternoon-PortScan.pcap_ISCX.csv | Thursday-WorkingHours-Afternoon-Infilteration.pcap_ISCX.csv
494,2,2,BENIGN | PortScan,BENIGN: 1 | PortScan: 1,2,Friday-WorkingHours-Afternoon-PortScan.pcap_ISCX.csv | Thursday-WorkingHours-Afternoon-Infilteration.pcap_ISCX.csv
495,2,2,BENIGN | PortScan,BENIGN: 1 | PortScan: 1,2,Friday-WorkingHours-Afternoon-PortScan.pcap_ISCX.csv | Thursday-WorkingHours-Afternoon-Infilteration.pcap_ISCX.csv
496,2,2,BENIGN | PortScan,BENIGN: 1 | PortScan: 1,2,Friday-WorkingHours-Afternoon-PortScan.pcap_ISCX.csv | Thursday-WorkingHours-Afternoon-Infilteration.pcap_ISCX.csv
497,2,2,BENIGN | PortScan,BENIGN: 1 | PortScan: 1,2,Friday-WorkingHours-Afternoon-PortScan.pcap_ISCX.csv | Thursday-WorkingHours-Afternoon-Infilteration.pcap_ISCX.csv
498,2,2,BENIGN | PortScan,BENIGN: 1 | PortScan: 1,2,Friday-WorkingHours-Afternoon-PortScan.pcap_ISCX.csv | Thursday-WorkingHours-Afternoon-Infilteration.pcap_ISCX.csv
499,2,2,BENIGN | PortScan,BENIGN: 1 | PortScan: 1,2,Friday-WorkingHours-Afternoon-PortScan.pcap_ISCX.csv | Thursday-WorkingHours-Afternoon-Infilteration.pcap_ISCX.csv
500,2,2,BENIGN | PortScan,BENIGN: 1 | PortScan: 1,2,Friday-WorkingHours-Afternoon-PortScan.pcap_ISCX.csv | Thursday-WorkingHours-Afternoon-Infilteration.pcap_ISCX.csv
501,2,2,BENIGN | PortScan,BENIGN: 1 | PortScan: 1,2,Friday-WorkingHours-Afternoon-PortScan.pcap_ISCX.csv | Thursday-WorkingHours-Afternoon-Infilteration.pcap_ISCX.csv
502,2,2,BENIGN | PortScan,BENIGN: 1 | PortScan: 1,2,Friday-WorkingHours-Afternoon-PortScan.pcap_ISCX.csv | Thursday-WorkingHours-Afternoon-Infilteration.pcap_ISCX.csv
503,2,2,BENIGN | PortScan,BENIGN: 1 | PortScan: 1,2,Friday-WorkingHours-Afternoon-PortScan.pcap_ISCX.csv | Thursday-WorkingHours-Afternoon-Infilteration.pcap_ISCX.csv
504,2,2,BENIGN | PortScan,BENIGN: 1 | PortScan: 1,2,Friday-WorkingHours-Afternoon-PortScan.pcap_ISCX.csv | Thursday-WorkingHours-Afternoon-Infilteration.pcap_ISCX.csv
505,2,2,BENIGN | PortScan,BENIGN: 1 | PortScan: 1,2,Friday-WorkingHours-Afternoon-PortScan.pcap_ISCX.csv | Thursday-WorkingHours-Afternoon-Infilteration.pcap_ISCX.csv
506,2,2,BENIGN | PortScan,BENIGN: 1 | PortScan: 1,2,Friday-WorkingHours-Afternoon-PortScan.pcap_ISCX.csv | Thursday-WorkingHours-Afternoon-Infilteration.pcap_ISCX.csv
507,2,2,BENIGN | PortScan,BENIGN: 1 | PortScan: 1,2,Friday-WorkingHours-Afternoon-PortScan.pcap_ISCX.csv | Thursday-WorkingHours-Afternoon-Infilteration.pcap_ISCX.csv
508,2,2,BENIGN | PortScan,BENIGN: 1 | PortScan: 1,2,Friday-WorkingHours-Afternoon-PortScan.pcap_ISCX.csv | Thursday-WorkingHours-Afternoon-Infilteration.pcap_ISCX.csv
509,2,2,BENIGN | PortScan,BENIGN: 1 | PortScan: 1,2,Friday-WorkingHours-Afternoon-PortScan.pcap_ISCX.csv | Thursday-WorkingHours-Afternoon-Infilteration.pcap_ISCX.csv
510,2,2,BENIGN | PortScan,BENIGN: 1 | PortScan: 1,2,Friday-WorkingHours-Afternoon-PortScan.pcap_ISCX.csv | Thursday-WorkingHours-Afternoon-Infilteration.pcap_ISCX.csv
511,2,2,BENIGN | PortScan,BENIGN: 1 | PortScan: 1,2,Friday-WorkingHours-Afternoon-PortScan.pcap_ISCX.csv | Thursday-WorkingHours-Afternoon-Infilteration.pcap_ISCX.csv
512,2,2,BENIGN | PortScan,BENIGN: 1 | PortScan: 1,2,Friday-WorkingHours-Afternoon-PortScan.pcap_ISCX.csv | Thursday-WorkingHours-Afternoon-Infilteration.pcap_ISCX.csv
513,2,2,BENIGN | PortScan,BENIGN: 1 | PortScan: 1,2,Friday-WorkingHours-Afternoon-PortScan.pcap_ISCX.csv | Thursday-WorkingHours-Afternoon-Infilteration.pcap_ISCX.csv
514,2,2,BENIGN | PortScan,BENIGN: 1 | PortScan: 1,2,Friday-WorkingHours-Afternoon-PortScan.pcap_ISCX.csv | Thursday-WorkingHours-Afternoon-Infilteration.pcap_ISCX.csv
515,2,2,BENIGN | PortScan,BENIGN: 1 | PortScan: 1,2,Friday-WorkingHours-Afternoon-PortScan.pcap_ISCX.csv | Thursday-WorkingHours-Afternoon-Infilteration.pcap_ISCX.csv
516,2,2,BENIGN | PortScan,BENIGN: 1 | PortScan: 1,2,Friday-WorkingHours-Afternoon-PortScan.pcap_ISCX.csv | Thursday-WorkingHours-Afternoon-Infilteration.pcap_ISCX.csv
517,2,2,BENIGN | PortScan,BENIGN: 1 | PortScan: 1,2,Friday-WorkingHours-Afternoon-PortScan.pcap_ISCX.csv | Thursday-WorkingHours-Afternoon-Infilteration.pcap_ISCX.csv
518,2,2,BENIGN | PortScan,BENIGN: 1 | PortScan: 1,2,Friday-WorkingHours-Afternoon-PortScan.pcap_ISCX.csv | Thursday-WorkingHours-Afternoon-Infilteration.pcap_ISCX.csv
519,2,2,BENIGN | PortScan,BENIGN: 1 | PortScan: 1,2,Friday-WorkingHours-Afternoon-PortScan.pcap_ISCX.csv | Thursday-WorkingHours-Afternoon-Infilteration.pcap_ISCX.csv
520,2,2,BENIGN | PortScan,BENIGN: 1 | PortScan: 1,2,Friday-WorkingHours-Afternoon-PortScan.pcap_ISCX.csv | Thursday-WorkingHours-Afternoon-Infilteration.pcap_ISCX.csv
521,2,2,BENIGN | PortScan,BENIGN: 1 | PortScan: 1,2,Friday-WorkingHours-Afternoon-PortScan.pcap_ISCX.csv | Thursday-WorkingHours-Afternoon-Infilteration.pcap_ISCX.csv
522,2,2,BENIGN | PortScan,BENIGN: 1 | PortScan: 1,2,Friday-WorkingHours-Afternoon-PortScan.pcap_ISCX.csv | Thursday-WorkingHours-Afternoon-Infilteration.pcap_ISCX.csv
523,2,2,BENIGN | PortScan,BENIGN: 1 | PortScan: 1,2,Friday-WorkingHours-Afternoon-PortScan.pcap_ISCX.csv | Thursday-WorkingHours-Afternoon-Infilteration.pcap_ISCX.csv
524,2,2,BENIGN | PortScan,BENIGN: 1 | PortScan: 1,2,Friday-WorkingHours-Afternoon-PortScan.pcap_ISCX.csv | Thursday-WorkingHours-Afternoon-Infilteration.pcap_ISCX.csv
525,2,2,BENIGN | PortScan,BENIGN: 1 | PortScan: 1,2,Friday-WorkingHours-Afternoon-PortScan.pcap_ISCX.csv | Thursday-WorkingHours-Afternoon-Infilteration.pcap_ISCX.csv
526,2,2,BENIGN | PortScan,BENIGN: 1 | PortScan: 1,2,Friday-WorkingHours-Afternoon-PortScan.pcap_ISCX.csv | Thursday-WorkingHours-Afternoon-Infilteration.pcap_ISCX.csv
527,2,2,BENIGN | PortScan,BENIGN: 1 | PortScan: 1,2,Friday-WorkingHours-Afternoon-PortScan.pcap_ISCX.csv | Thursday-WorkingHours-Afternoon-Infilteration.pcap_ISCX.csv
528,2,2,BENIGN | PortScan,BENIGN: 1 | PortScan: 1,2,Friday-WorkingHours-Afternoon-PortScan.pcap_ISCX.csv | Thursday-WorkingHours-Afternoon-Infilteration.pcap_ISCX.csv
529,2,2,BENIGN | PortScan,BENIGN: 1 | PortScan: 1,2,Friday-WorkingHours-Afternoon-PortScan.pcap_ISCX.csv | Thursday-WorkingHours-Afternoon-Infilteration.pcap_ISCX.csv
530,2,2,BENIGN | PortScan,BENIGN: 1 | PortScan: 1,2,Friday-WorkingHours-Afternoon-PortScan.pcap_ISCX.csv | Thursday-WorkingHours-Afternoon-Infilteration.pcap_ISCX.csv
531,2,2,BENIGN | PortScan,BENIGN: 1 | PortScan: 1,2,Friday-WorkingHours-Afternoon-PortScan.pcap_ISCX.csv | Thursday-WorkingHours-Afternoon-Infilteration.pcap_ISCX.csv
532,2,2,BENIGN | PortScan,BENIGN: 1 | PortScan: 1,2,Friday-WorkingHours-Afternoon-PortScan.pcap_ISCX.csv | Thursday-WorkingHours-Afternoon-Infilteration.pcap_ISCX.csv
533,2,2,BENIGN | PortScan,BENIGN: 1 | PortScan: 1,2,Friday-WorkingHours-Afternoon-PortScan.pcap_ISCX.csv | Thursday-WorkingHours-Afternoon-Infilteration.pcap_ISCX.csv
534,2,2,BENIGN | PortScan,BENIGN: 1 | PortScan: 1,2,Friday-WorkingHours-Afternoon-PortScan.pcap_ISCX.csv | Thursday-WorkingHours-Afternoon-Infilteration.pcap_ISCX.csv
535,2,2,BENIGN | PortScan,BENIGN: 1 | PortScan: 1,2,Friday-WorkingHours-Afternoon-PortScan.pcap_ISCX.csv | Thursday-WorkingHours-Afternoon-Infilteration.pcap_ISCX.csv
536,2,2,BENIGN | PortScan,BENIGN: 1 | PortScan: 1,2,Friday-WorkingHours-Afternoon-PortScan.pcap_ISCX.csv | Thursday-WorkingHours-Afternoon-Infilteration.pcap_ISCX.csv
537,2,2,BENIGN | PortScan,BENIGN: 1 | PortScan: 1,2,Friday-WorkingHours-Afternoon-PortScan.pcap_ISCX.csv | Thursday-WorkingHours-Afternoon-Infilteration.pcap_ISCX.csv
538,2,2,BENIGN | PortScan,BENIGN: 1 | PortScan: 1,2,Friday-WorkingHours-Afternoon-PortScan.pcap_ISCX.csv | Thursday-WorkingHours-Afternoon-Infilteration.pcap_ISCX.csv
539,2,2,BENIGN | PortScan,BENIGN: 1 | PortScan: 1,2,Friday-WorkingHours-Afternoon-PortScan.pcap_ISCX.csv | Thursday-WorkingHours-Afternoon-Infilteration.pcap_ISCX.csv
540,2,2,BENIGN | PortScan,BENIGN: 1 | PortScan: 1,2,Friday-WorkingHours-Afternoon-PortScan.pcap_ISCX.csv | Thursday-WorkingHours-Afternoon-Infilteration.pcap_ISCX.csv
541,2,2,BENIGN | PortScan,BENIGN: 1 | PortScan: 1,2,Friday-WorkingHours-Afternoon-PortScan.pcap_ISCX.csv | Thursday-WorkingHours-Afternoon-Infilteration.pcap_ISCX.csv
542,2,2,BENIGN | PortScan,BENIGN: 1 | PortScan: 1,2,Friday-WorkingHours-Afternoon-PortScan.pcap_ISCX.csv | Thursday-WorkingHours-Afternoon-Infilteration.pcap_ISCX.csv
543,2,2,BENIGN | PortScan,BENIGN: 1 | PortScan: 1,2,Friday-WorkingHours-Afternoon-PortScan.pcap_ISCX.csv | Thursday-WorkingHours-Afternoon-Infilteration.pcap_ISCX.csv
544,2,2,BENIGN | PortScan,BENIGN: 1 | PortScan: 1,2,Friday-WorkingHours-Afternoon-PortScan.pcap_ISCX.csv | Thursday-WorkingHours-Afternoon-Infilteration.pcap_ISCX.csv
545,2,2,BENIGN | PortScan,BENIGN: 1 | PortScan: 1,2,Friday-WorkingHours-Afternoon-PortScan.pcap_ISCX.csv | Thursday-WorkingHours-Afternoon-Infilteration.pcap_ISCX.csv
546,2,2,BENIGN | PortScan,BENIGN: 1 | PortScan: 1,2,Friday-WorkingHours-Afternoon-PortScan.pcap_ISCX.csv | Thursday-WorkingHours-Afternoon-Infilteration.pcap_ISCX.csv
547,2,2,BENIGN | PortScan,BENIGN: 1 | PortScan: 1,2,Friday-WorkingHours-Afternoon-PortScan.pcap_ISCX.csv | Thursday-WorkingHours-Afternoon-Infilteration.pcap_ISCX.csv
548,2,2,BENIGN | PortScan,BENIGN: 1 | PortScan: 1,2,Friday-WorkingHours-Afternoon-PortScan.pcap_ISCX.csv | Thursday-WorkingHours-Afternoon-Infilteration.pcap_ISCX.csv
549,2,2,BENIGN | PortScan,BENIGN: 1 | PortScan: 1,2,Friday-WorkingHours-Afternoon-PortScan.pcap_ISCX.csv | Thursday-WorkingHours-Afternoon-Infilteration.pcap_ISCX.csv
550,2,2,BENIGN | PortScan,BENIGN: 1 | PortScan: 1,2,Friday-WorkingHours-Afternoon-PortScan.pcap_ISCX.csv | Thursday-WorkingHours-Afternoon-Infilteration.pcap_ISCX.csv
551,2,2,BENIGN | PortScan,BENIGN: 1 | PortScan: 1,2,Friday-WorkingHours-Afternoon-PortScan.pcap_ISCX.csv | Thursday-WorkingHours-Afternoon-Infilteration.pcap_ISCX.csv
552,2,2,BENIGN | PortScan,BENIGN: 1 | PortScan: 1,2,Friday-WorkingHours-Afternoon-PortScan.pcap_ISCX.csv | Thursday-WorkingHours-Afternoon-Infilteration.pcap_ISCX.csv
553,2,2,BENIGN | PortScan,BENIGN: 1 | PortScan: 1,2,Friday-WorkingHours-Afternoon-PortScan.pcap_ISCX.csv | Thursday-WorkingHours-Afternoon-Infilteration.pcap_ISCX.csv
554,2,2,BENIGN | PortScan,BENIGN: 1 | PortScan: 1,2,Friday-WorkingHours-Afternoon-PortScan.pcap_ISCX.csv | Thursday-WorkingHours-Afternoon-Infilteration.pcap_ISCX.csv
555,2,2,BENIGN | PortScan,BENIGN: 1 | PortScan: 1,2,Friday-WorkingHours-Afternoon-PortScan.pcap_ISCX.csv | Thursday-WorkingHours-Afternoon-Infilteration.pcap_ISCX.csv
556,2,2,BENIGN | PortScan,BENIGN: 1 | PortScan: 1,2,Friday-WorkingHours-Afternoon-PortScan.pcap_ISCX.csv | Thursday-WorkingHours-Afternoon-Infilteration.pcap_ISCX.csv
557,2,2,BENIGN | PortScan,BENIGN: 1 | PortScan: 1,2,Friday-WorkingHours-Afternoon-PortScan.pcap_ISCX.csv | Thursday-WorkingHours-Afternoon-Infilteration.pcap_ISCX.csv
558,2,2,BENIGN | PortScan,BENIGN: 1 | PortScan: 1,2,Friday-WorkingHours-Afternoon-PortScan.pcap_ISCX.csv | Thursday-WorkingHours-Afternoon-Infilteration.pcap_ISCX.csv
559,2,2,BENIGN | PortScan,BENIGN: 1 | PortScan: 1,2,Friday-WorkingHours-Afternoon-PortScan.pcap_ISCX.csv | Thursday-WorkingHours-Afternoon-Infilteration.pcap_ISCX.csv
560,2,2,BENIGN | PortScan,BENIGN: 1 | PortScan: 1,2,Friday-WorkingHours-Afternoon-PortScan.pcap_ISCX.csv | Thursday-WorkingHours-Afternoon-Infilteration.pcap_ISCX.csv
561,2,2,BENIGN | PortScan,BENIGN: 1 | PortScan: 1,2,Friday-WorkingHours-Afternoon-PortScan.pcap_ISCX.csv | Thursday-WorkingHours-Afternoon-Infilteration.pcap_ISCX.csv
562,2,2,BENIGN | PortScan,BENIGN: 1 | PortScan: 1,2,Friday-WorkingHours-Afternoon-PortScan.pcap_ISCX.csv | Thursday-WorkingHours-Afternoon-Infilteration.pcap_ISCX.csv
563,2,2,BENIGN | PortScan,BENIGN: 1 | PortScan: 1,2,Friday-WorkingHours-Afternoon-PortScan.pcap_ISCX.csv | Thursday-WorkingHours-Afternoon-Infilteration.pcap_ISCX.csv
564,2,2,BENIGN | PortScan,BENIGN: 1 | PortScan: 1,2,Friday-WorkingHours-Afternoon-PortScan.pcap_ISCX.csv | Thursday-WorkingHours-Afternoon-Infilteration.pcap_ISCX.csv
565,2,2,BENIGN | PortScan,BENIGN: 1 | PortScan: 1,2,Friday-WorkingHours-Afternoon-PortScan.pcap_ISCX.csv | Thursday-WorkingHours-Afternoon-Infilteration.pcap_ISCX.csv
566,2,2,BENIGN | PortScan,BENIGN: 1 | PortScan: 1,2,Friday-WorkingHours-Afternoon-PortScan.pcap_ISCX.csv | Thursday-WorkingHours-Afternoon-Infilteration.pcap_ISCX.csv
567,2,2,BENIGN | PortScan,BENIGN: 1 | PortScan: 1,2,Friday-WorkingHours-Afternoon-PortScan.pcap_ISCX.csv | Thursday-WorkingHours-Afternoon-Infilteration.pcap_ISCX.csv
568,5,2,BENIGN | DoS Slowloris,BENIGN: 4 | DoS Slowloris: 1,2,Thursday-WorkingHours-Afternoon-Infilteration.pcap_ISCX.csv | Wednesday-workingHours.pcap_ISCX.csv
569,7,2,BENIGN | DoS Hulk,BENIGN: 2 | DoS Hulk: 5,2,Thursday-WorkingHours-Afternoon-Infilteration.pcap_ISCX.csv | Wednesday-workingHours.pcap_ISCX.csv
570,5,2,BENIGN | DoS Hulk,BENIGN: 3 | DoS Hulk: 2,3,Friday-WorkingHours-Afternoon-DDos.pcap_ISCX.csv | Thursday-WorkingHours-Afternoon-Infilteration.pcap_ISCX.csv | Wednesday-workingHours.pcap_ISCX.csv
571,6,2,BENIGN | DoS Hulk,BENIGN: 2 | DoS Hulk: 4,2,Thursday-WorkingHours-Afternoon-Infilteration.pcap_ISCX.csv | Wednesday-workingHours.pcap_ISCX.csv
572,4,2,BENIGN | DoS Hulk,BENIGN: 3 | DoS Hulk: 1,2,Thursday-WorkingHours-Afternoon-Infilteration.pcap_ISCX.csv | Wednesday-workingHours.pcap_ISCX.csv
573,7,2,BENIGN | DoS Hulk,BENIGN: 4 | DoS Hulk: 3,2,Thursday-WorkingHours-Afternoon-Infilteration.pcap_ISCX.csv | Wednesday-workingHours.pcap_ISCX.csv
574,19,2,BENIGN | DoS Hulk,BENIGN: 2 | DoS Hulk: 17,2,Thursday-WorkingHours-Afternoon-Infilteration.pcap_ISCX.csv | Wednesday-workingHours.pcap_ISCX.csv
575,3,2,BENIGN | DoS Hulk,BENIGN: 2 | DoS Hulk: 1,2,Thursday-WorkingHours-Afternoon-Infilteration.pcap_ISCX.csv | Wednesday-workingHours.pcap_ISCX.csv
576,5,2,BENIGN | DoS Hulk,BENIGN: 3 | DoS Hulk: 2,2,Thursday-WorkingHours-Afternoon-Infilteration.pcap_ISCX.csv | Wednesday-workingHours.pcap_ISCX.csv
577,2,2,BENIGN | DDoS,BENIGN: 1 | DDoS: 1,2,Friday-WorkingHours-Afternoon-DDos.pcap_ISCX.csv | Thursday-WorkingHours-Morning-WebAttacks.pcap_ISCX.csv
578,3362,2,BENIGN | DoS Hulk,BENIGN: 2 | DoS Hulk: 3360,3,Friday-WorkingHours-Afternoon-PortScan.pcap_ISCX.csv | Tuesday-WorkingHours.pcap_ISCX.csv | Wednesday-workingHours.pcap_ISCX.csv
579,4,2,BENIGN | DoS Hulk,BENIGN: 2 | DoS Hulk: 2,3,Friday-WorkingHours-Afternoon-PortScan.pcap_ISCX.csv | Tuesday-WorkingHours.pcap_ISCX.csv | Wednesday-workingHours.pcap_ISCX.csv
580,23,2,BENIGN | DoS Hulk,BENIGN: 2 | DoS Hulk: 21,2,Tuesday-WorkingHours.pcap_ISCX.csv | Wednesday-workingHours.pcap_ISCX.csv
581,3,2,BENIGN | DoS Hulk,BENIGN: 2 | DoS Hulk: 1,2,Tuesday-WorkingHours.pcap_ISCX.csv | Wednesday-workingHours.pcap_ISCX.csv
582,5,2,BENIGN | DoS Hulk,BENIGN: 2 | DoS Hulk: 3,3,Thursday-WorkingHours-Afternoon-Infilteration.pcap_ISCX.csv | Tuesday-WorkingHours.pcap_ISCX.csv | Wednesday-workingHours.pcap_ISCX.csv
583,23,2,BENIGN | DoS Hulk,BENIGN: 2 | DoS Hulk: 21,2,Tuesday-WorkingHours.pcap_ISCX.csv | Wednesday-workingHours.pcap_ISCX.csv
584,3,2,BENIGN | DoS Hulk,BENIGN: 2 | DoS Hulk: 1,2,Thursday-WorkingHours-Morning-WebAttacks.pcap_ISCX.csv | Wednesday-workingHours.pcap_ISCX.csv
585,20,2,BENIGN | DoS Hulk,BENIGN: 3 | DoS Hulk: 17,2,Thursday-WorkingHours-Afternoon-Infilteration.pcap_ISCX.csv | Wednesday-workingHours.pcap_ISCX.csv
586,133,2,BENIGN | DoS Hulk,BENIGN: 2 | DoS Hulk: 131,2,Thursday-WorkingHours-Afternoon-Infilteration.pcap_ISCX.csv | Wednesday-workingHours.pcap_ISCX.csv
587,81,2,BENIGN | DoS Hulk,BENIGN: 1 | DoS Hulk: 80,1,Wednesday-workingHours.pcap_ISCX.csv
588,34,2,BENIGN | DoS Hulk,BENIGN: 1 | DoS Hulk: 33,2,Tuesday-WorkingHours.pcap_ISCX.csv | Wednesday-workingHours.pcap_ISCX.csv
589,16,2,BENIGN | DoS Hulk,BENIGN: 1 | DoS Hulk: 15,1,Wednesday-workingHours.pcap_ISCX.csv
590,164,2,BENIGN | DoS Hulk,BENIGN: 1 | DoS Hulk: 163,2,Friday-WorkingHours-Morning.pcap_ISCX.csv | Wednesday-workingHours.pcap_ISCX.csv
591,48,2,BENIGN | DoS Hulk,BENIGN: 1 | DoS Hulk: 47,2,Thursday-WorkingHours-Afternoon-Infilteration.pcap_ISCX.csv | Wednesday-workingHours.pcap_ISCX.csv
592,10,2,BENIGN | DoS Hulk,BENIGN: 1 | DoS Hulk: 9,2,Tuesday-WorkingHours.pcap_ISCX.csv | Wednesday-workingHours.pcap_ISCX.csv
593,54,2,BENIGN | DoS Hulk,BENIGN: 1 | DoS Hulk: 53,2,Tuesday-WorkingHours.pcap_ISCX.csv | Wednesday-workingHours.pcap_ISCX.csv
594,18,2,BENIGN | DoS Hulk,BENIGN: 1 | DoS Hulk: 17,2,Thursday-WorkingHours-Afternoon-Infilteration.pcap_ISCX.csv | Wednesday-workingHours.pcap_ISCX.csv
595,47,2,BENIGN | DoS Hulk,BENIGN: 2 | DoS Hulk: 45,2,Tuesday-WorkingHours.pcap_ISCX.csv | Wednesday-workingHours.pcap_ISCX.csv
596,18,2,BENIGN | DoS Hulk,BENIGN: 1 | DoS Hulk: 17,2,Tuesday-WorkingHours.pcap_ISCX.csv | Wednesday-workingHours.pcap_ISCX.csv
597,30,2,BENIGN | DoS Hulk,BENIGN: 1 | DoS Hulk: 29,2,Tuesday-WorkingHours.pcap_ISCX.csv | Wednesday-workingHours.pcap_ISCX.csv
598,18,2,BENIGN | DoS Hulk,BENIGN: 1 | DoS Hulk: 17,2,Friday-WorkingHours-Morning.pcap_ISCX.csv | Wednesday-workingHours.pcap_ISCX.csv
599,16,2,BENIGN | DoS Hulk,BENIGN: 1 | DoS Hulk: 15,1,Wednesday-workingHours.pcap_ISCX.csv
600,25,2,BENIGN | DoS Hulk,BENIGN: 1 | DoS Hulk: 24,2,Tuesday-WorkingHours.pcap_ISCX.csv | Wednesday-workingHours.pcap_ISCX.csv
601,46,2,BENIGN | DoS Hulk,BENIGN: 1 | DoS Hulk: 45,2,Tuesday-WorkingHours.pcap_ISCX.csv | Wednesday-workingHours.pcap_ISCX.csv
602,11,2,BENIGN | DoS Hulk,BENIGN: 2 | DoS Hulk: 9,2,Tuesday-WorkingHours.pcap_ISCX.csv | Wednesday-workingHours.pcap_ISCX.csv
603,36,2,BENIGN | DoS Hulk,BENIGN: 1 | DoS Hulk: 35,1,Wednesday-workingHours.pcap_ISCX.csv
604,15,2,BENIGN | DoS Hulk,BENIGN: 1 | DoS Hulk: 14,2,Tuesday-WorkingHours.pcap_ISCX.csv | Wednesday-workingHours.pcap_ISCX.csv
605,6,2,BENIGN | DoS Hulk,BENIGN: 1 | DoS Hulk: 5,2,Thursday-WorkingHours-Afternoon-Infilteration.pcap_ISCX.csv | Wednesday-workingHours.pcap_ISCX.csv
606,21,2,BENIGN | DoS Hulk,BENIGN: 1 | DoS Hulk: 20,1,Wednesday-workingHours.pcap_ISCX.csv
607,24,2,BENIGN | DoS Hulk,BENIGN: 2 | DoS Hulk: 22,2,Tuesday-WorkingHours.pcap_ISCX.csv | Wednesday-workingHours.pcap_ISCX.csv
608,12,2,BENIGN | DoS Hulk,BENIGN: 2 | DoS Hulk: 10,2,Tuesday-WorkingHours.pcap_ISCX.csv | Wednesday-workingHours.pcap_ISCX.csv
609,4,2,BENIGN | DoS Hulk,BENIGN: 1 | DoS Hulk: 3,2,Thursday-WorkingHours-Afternoon-Infilteration.pcap_ISCX.csv | Wednesday-workingHours.pcap_ISCX.csv
610,61,2,BENIGN | DoS Hulk,BENIGN: 1 | DoS Hulk: 60,1,Wednesday-workingHours.pcap_ISCX.csv
611,32,2,BENIGN | DoS Hulk,BENIGN: 1 | DoS Hulk: 31,2,Thursday-WorkingHours-Morning-WebAttacks.pcap_ISCX.csv | Wednesday-workingHours.pcap_ISCX.csv
612,3,2,BENIGN | DoS Hulk,BENIGN: 1 | DoS Hulk: 2,2,Friday-WorkingHours-Morning.pcap_ISCX.csv | Wednesday-workingHours.pcap_ISCX.csv
613,9,2,BENIGN | DoS Hulk,BENIGN: 1 | DoS Hulk: 8,2,Tuesday-WorkingHours.pcap_ISCX.csv | Wednesday-workingHours.pcap_ISCX.csv
614,7,2,BENIGN | DoS Hulk,BENIGN: 1 | DoS Hulk: 6,2,Tuesday-WorkingHours.pcap_ISCX.csv | Wednesday-workingHours.pcap_ISCX.csv
615,4,2,BENIGN | DoS Hulk,BENIGN: 1 | DoS Hulk: 3,2,Tuesday-WorkingHours.pcap_ISCX.csv | Wednesday-workingHours.pcap_ISCX.csv
616,5,2,BENIGN | DoS Hulk,BENIGN: 1 | DoS Hulk: 4,2,Thursday-WorkingHours-Afternoon-Infilteration.pcap_ISCX.csv | Wednesday-workingHours.pcap_ISCX.csv
617,8,2,BENIGN | DoS Hulk,BENIGN: 1 | DoS Hulk: 7,2,Friday-WorkingHours-Morning.pcap_ISCX.csv | Wednesday-workingHours.pcap_ISCX.csv
618,12,2,BENIGN | DoS Hulk,BENIGN: 1 | DoS Hulk: 11,2,Thursday-WorkingHours-Afternoon-Infilteration.pcap_ISCX.csv | Wednesday-workingHours.pcap_ISCX.csv
619,3,2,BENIGN | DoS Hulk,BENIGN: 1 | DoS Hulk: 2,2,Thursday-WorkingHours-Afternoon-Infilteration.pcap_ISCX.csv | Wednesday-workingHours.pcap_ISCX.csv
620,3,2,BENIGN | DoS Hulk,BENIGN: 1 | DoS Hulk: 2,2,Thursday-WorkingHours-Morning-WebAttacks.pcap_ISCX.csv | Wednesday-workingHours.pcap_ISCX.csv
621,29,2,BENIGN | DoS Hulk,BENIGN: 1 | DoS Hulk: 28,2,Tuesday-WorkingHours.pcap_ISCX.csv | Wednesday-workingHours.pcap_ISCX.csv
622,4,2,BENIGN | DoS Hulk,BENIGN: 1 | DoS Hulk: 3,1,Wednesday-workingHours.pcap_ISCX.csv
623,5,2,BENIGN | DoS Hulk,BENIGN: 2 | DoS Hulk: 3,2,Thursday-WorkingHours-Afternoon-Infilteration.pcap_ISCX.csv | Wednesday-workingHours.pcap_ISCX.csv
624,7,2,BENIGN | DoS Hulk,BENIGN: 1 | DoS Hulk: 6,2,Friday-WorkingHours-Afternoon-DDos.pcap_ISCX.csv | Wednesday-workingHours.pcap_ISCX.csv
625,2,2,BENIGN | DoS Hulk,BENIGN: 1 | DoS Hulk: 1,2,Thursday-WorkingHours-Morning-WebAttacks.pcap_ISCX.csv | Wednesday-workingHours.pcap_ISCX.csv
626,2,2,BENIGN | DoS Hulk,BENIGN: 1 | DoS Hulk: 1,2,Tuesday-WorkingHours.pcap_ISCX.csv | Wednesday-workingHours.pcap_ISCX.csv
627,6,2,BENIGN | DoS Hulk,BENIGN: 1 | DoS Hulk: 5,2,Thursday-WorkingHours-Afternoon-Infilteration.pcap_ISCX.csv | Wednesday-workingHours.pcap_ISCX.csv
628,2,2,BENIGN | DoS Hulk,BENIGN: 1 | DoS Hulk: 1,2,Thursday-WorkingHours-Morning-WebAttacks.pcap_ISCX.csv | Wednesday-workingHours.pcap_ISCX.csv
629,7,2,BENIGN | DoS Hulk,BENIGN: 1 | DoS Hulk: 6,2,Thursday-WorkingHours-Afternoon-Infilteration.pcap_ISCX.csv | Wednesday-workingHours.pcap_ISCX.csv
630,2,2,BENIGN | DoS Hulk,BENIGN: 1 | DoS Hulk: 1,2,Thursday-WorkingHours-Afternoon-Infilteration.pcap_ISCX.csv | Wednesday-workingHours.pcap_ISCX.csv
631,14,2,BENIGN | DoS Hulk,BENIGN: 1 | DoS Hulk: 13,1,Wednesday-workingHours.pcap_ISCX.csv
632,10,2,BENIGN | DoS Hulk,BENIGN: 1 | DoS Hulk: 9,2,Friday-WorkingHours-Afternoon-DDos.pcap_ISCX.csv | Wednesday-workingHours.pcap_ISCX.csv
633,2,2,BENIGN | DoS Hulk,BENIGN: 1 | DoS Hulk: 1,2,Thursday-WorkingHours-Afternoon-Infilteration.pcap_ISCX.csv | Wednesday-workingHours.pcap_ISCX.csv
634,21,2,BENIGN | DoS Hulk,BENIGN: 1 | DoS Hulk: 20,1,Wednesday-workingHours.pcap_ISCX.csv
635,9,2,BENIGN | DoS Hulk,BENIGN: 1 | DoS Hulk: 8,1,Wednesday-workingHours.pcap_ISCX.csv
636,2,2,BENIGN | DoS Hulk,BENIGN: 1 | DoS Hulk: 1,2,Friday-WorkingHours-Morning.pcap_ISCX.csv | Wednesday-workingHours.pcap_ISCX.csv
637,8,2,BENIGN | DoS Hulk,BENIGN: 1 | DoS Hulk: 7,2,Monday-WorkingHours.pcap_ISCX.csv | Wednesday-workingHours.pcap_ISCX.csv
638,6,2,BENIGN | DoS Hulk,BENIGN: 1 | DoS Hulk: 5,2,Thursday-WorkingHours-Morning-WebAttacks.pcap_ISCX.csv | Wednesday-workingHours.pcap_ISCX.csv
639,14,2,BENIGN | DoS Hulk,BENIGN: 1 | DoS Hulk: 13,2,Thursday-WorkingHours-Afternoon-Infilteration.pcap_ISCX.csv | Wednesday-workingHours.pcap_ISCX.csv
640,8,2,BENIGN | DoS Hulk,BENIGN: 1 | DoS Hulk: 7,2,Tuesday-WorkingHours.pcap_ISCX.csv | Wednesday-workingHours.pcap_ISCX.csv
641,24,2,BENIGN | DoS Hulk,BENIGN: 1 | DoS Hulk: 23,1,Wednesday-workingHours.pcap_ISCX.csv
642,28,2,BENIGN | DoS Hulk,BENIGN: 1 | DoS Hulk: 27,1,Wednesday-workingHours.pcap_ISCX.csv
643,20,2,BENIGN | DoS Hulk,BENIGN: 1 | DoS Hulk: 19,1,Wednesday-workingHours.pcap_ISCX.csv
644,4,2,BENIGN | DoS Hulk,BENIGN: 1 | DoS Hulk: 3,2,Thursday-WorkingHours-Afternoon-Infilteration.pcap_ISCX.csv | Wednesday-workingHours.pcap_ISCX.csv
645,13,2,BENIGN | DoS Hulk,BENIGN: 1 | DoS Hulk: 12,2,Tuesday-WorkingHours.pcap_ISCX.csv | Wednesday-workingHours.pcap_ISCX.csv
646,6,2,BENIGN | DoS Hulk,BENIGN: 1 | DoS Hulk: 5,1,Wednesday-workingHours.pcap_ISCX.csv
647,7,2,BENIGN | DoS Hulk,BENIGN: 1 | DoS Hulk: 6,1,Wednesday-workingHours.pcap_ISCX.csv
648,11,2,BENIGN | DoS Hulk,BENIGN: 1 | DoS Hulk: 10,2,Friday-WorkingHours-Morning.pcap_ISCX.csv | Wednesday-workingHours.pcap_ISCX.csv
649,4,2,BENIGN | DoS Hulk,BENIGN: 1 | DoS Hulk: 3,2,Friday-WorkingHours-Morning.pcap_ISCX.csv | Wednesday-workingHours.pcap_ISCX.csv
650,10,2,BENIGN | DoS Hulk,BENIGN: 1 | DoS Hulk: 9,2,Friday-WorkingHours-Afternoon-PortScan.pcap_ISCX.csv | Wednesday-workingHours.pcap_ISCX.csv
651,6,2,BENIGN | DoS Hulk,BENIGN: 1 | DoS Hulk: 5,2,Tuesday-WorkingHours.pcap_ISCX.csv | Wednesday-workingHours.pcap_ISCX.csv
652,6,2,BENIGN | DoS Hulk,BENIGN: 1 | DoS Hulk: 5,2,Thursday-WorkingHours-Afternoon-Infilteration.pcap_ISCX.csv | Wednesday-workingHours.pcap_ISCX.csv
653,9,2,BENIGN | DoS Hulk,BENIGN: 2 | DoS Hulk: 7,2,Tuesday-WorkingHours.pcap_ISCX.csv | Wednesday-workingHours.pcap_ISCX.csv
654,4,2,BENIGN | DoS Hulk,BENIGN: 1 | DoS Hulk: 3,2,Friday-WorkingHours-Afternoon-PortScan.pcap_ISCX.csv | Wednesday-workingHours.pcap_ISCX.csv
655,2,2,BENIGN | DoS Hulk,BENIGN: 1 | DoS Hulk: 1,2,Friday-WorkingHours-Morning.pcap_ISCX.csv | Wednesday-workingHours.pcap_ISCX.csv
656,8,2,BENIGN | DoS Hulk,BENIGN: 1 | DoS Hulk: 7,2,Tuesday-WorkingHours.pcap_ISCX.csv | Wednesday-workingHours.pcap_ISCX.csv
657,8,2,BENIGN | DoS Hulk,BENIGN: 1 | DoS Hulk: 7,1,Wednesday-workingHours.pcap_ISCX.csv
658,10,2,BENIGN | DoS Hulk,BENIGN: 1 | DoS Hulk: 9,1,Wednesday-workingHours.pcap_ISCX.csv
659,4,2,BENIGN | DoS Hulk,BENIGN: 1 | DoS Hulk: 3,1,Wednesday-workingHours.pcap_ISCX.csv
660,9,2,BENIGN | DoS Hulk,BENIGN: 1 | DoS Hulk: 8,2,Tuesday-WorkingHours.pcap_ISCX.csv | Wednesday-workingHours.pcap_ISCX.csv
661,3,2,BENIGN | DoS Hulk,BENIGN: 1 | DoS Hulk: 2,2,Thursday-WorkingHours-Afternoon-Infilteration.pcap_ISCX.csv | Wednesday-workingHours.pcap_ISCX.csv
662,12,2,BENIGN | DoS Hulk,BENIGN: 1 | DoS Hulk: 11,2,Friday-WorkingHours-Morning.pcap_ISCX.csv | Wednesday-workingHours.pcap_ISCX.csv
663,3,2,BENIGN | DoS Hulk,BENIGN: 2 | DoS Hulk: 1,2,Thursday-WorkingHours-Afternoon-Infilteration.pcap_ISCX.csv | Wednesday-workingHours.pcap_ISCX.csv
664,9,2,BENIGN | DoS Hulk,BENIGN: 1 | DoS Hulk: 8,1,Wednesday-workingHours.pcap_ISCX.csv
665,6,2,BENIGN | DoS Hulk,BENIGN: 1 | DoS Hulk: 5,2,Friday-WorkingHours-Afternoon-PortScan.pcap_ISCX.csv | Wednesday-workingHours.pcap_ISCX.csv
666,8,2,BENIGN | DoS Hulk,BENIGN: 1 | DoS Hulk: 7,2,Tuesday-WorkingHours.pcap_ISCX.csv | Wednesday-workingHours.pcap_ISCX.csv
667,5,2,BENIGN | DoS Hulk,BENIGN: 1 | DoS Hulk: 4,1,Wednesday-workingHours.pcap_ISCX.csv
668,2,2,BENIGN | DoS Hulk,BENIGN: 1 | DoS Hulk: 1,2,Friday-WorkingHours-Afternoon-DDos.pcap_ISCX.csv | Wednesday-workingHours.pcap_ISCX.csv
669,3,2,BENIGN | DoS Hulk,BENIGN: 1 | DoS Hulk: 2,2,Thursday-WorkingHours-Morning-WebAttacks.pcap_ISCX.csv | Wednesday-workingHours.pcap_ISCX.csv
670,7,2,BENIGN | DoS Hulk,BENIGN: 1 | DoS Hulk: 6,2,Thursday-WorkingHours-Afternoon-Infilteration.pcap_ISCX.csv | Wednesday-workingHours.pcap_ISCX.csv
671,8,2,BENIGN | DoS Hulk,BENIGN: 1 | DoS Hulk: 7,1,Wednesday-workingHours.pcap_ISCX.csv
672,3,2,BENIGN | DoS Hulk,BENIGN: 1 | DoS Hulk: 2,2,Thursday-WorkingHours-Afternoon-Infilteration.pcap_ISCX.csv | Wednesday-workingHours.pcap_ISCX.csv
673,12,2,BENIGN | DoS Hulk,BENIGN: 1 | DoS Hulk: 11,1,Wednesday-workingHours.pcap_ISCX.csv
674,3,2,BENIGN | DoS Hulk,BENIGN: 1 | DoS Hulk: 2,2,Thursday-WorkingHours-Afternoon-Infilteration.pcap_ISCX.csv | Wednesday-workingHours.pcap_ISCX.csv
675,2,2,BENIGN | DoS Hulk,BENIGN: 1 | DoS Hulk: 1,2,Thursday-WorkingHours-Afternoon-Infilteration.pcap_ISCX.csv | Wednesday-workingHours.pcap_ISCX.csv
676,4,2,BENIGN | DoS Hulk,BENIGN: 1 | DoS Hulk: 3,1,Wednesday-workingHours.pcap_ISCX.csv
677,2,2,BENIGN | DoS Hulk,BENIGN: 1 | DoS Hulk: 1,2,Thursday-WorkingHours-Afternoon-Infilteration.pcap_ISCX.csv | Wednesday-workingHours.pcap_ISCX.csv
678,3,2,BENIGN | DoS Hulk,BENIGN: 1 | DoS Hulk: 2,1,Wednesday-workingHours.pcap_ISCX.csv
679,4,2,BENIGN | DoS Hulk,BENIGN: 1 | DoS Hulk: 3,1,Wednesday-workingHours.pcap_ISCX.csv
680,4,2,BENIGN | DoS Hulk,BENIGN: 1 | DoS Hulk: 3,2,Thursday-WorkingHours-Afternoon-Infilteration.pcap_ISCX.csv | Wednesday-workingHours.pcap_ISCX.csv
681,2,2,BENIGN | DoS Hulk,BENIGN: 1 | DoS Hulk: 1,2,Thursday-WorkingHours-Afternoon-Infilteration.pcap_ISCX.csv | Wednesday-workingHours.pcap_ISCX.csv
682,3,2,BENIGN | DoS Hulk,BENIGN: 1 | DoS Hulk: 2,2,Thursday-WorkingHours-Afternoon-Infilteration.pcap_ISCX.csv | Wednesday-workingHours.pcap_ISCX.csv
683,5,2,BENIGN | DoS Hulk,BENIGN: 1 | DoS Hulk: 4,1,Wednesday-workingHours.pcap_ISCX.csv
684,2,2,BENIGN | DoS Hulk,BENIGN: 1 | DoS Hulk: 1,2,Thursday-WorkingHours-Afternoon-Infilteration.pcap_ISCX.csv | Wednesday-workingHours.pcap_ISCX.csv
685,4,2,BENIGN | DoS Hulk,BENIGN: 1 | DoS Hulk: 3,1,Wednesday-workingHours.pcap_ISCX.csv
686,2,2,BENIGN | DoS Hulk,BENIGN: 1 | DoS Hulk: 1,2,Thursday-WorkingHours-Afternoon-Infilteration.pcap_ISCX.csv | Wednesday-workingHours.pcap_ISCX.csv
687,2,2,BENIGN | DoS Hulk,BENIGN: 1 | DoS Hulk: 1,2,Monday-WorkingHours.pcap_ISCX.csv | Wednesday-workingHours.pcap_ISCX.csv
688,2,2,BENIGN | DoS Hulk,BENIGN: 1 | DoS Hulk: 1,2,Tuesday-WorkingHours.pcap_ISCX.csv | Wednesday-workingHours.pcap_ISCX.csv
689,2,2,BENIGN | DoS Hulk,BENIGN: 1 | DoS Hulk: 1,2,Thursday-WorkingHours-Afternoon-Infilteration.pcap_ISCX.csv | Wednesday-workingHours.pcap_ISCX.csv
690,2,2,BENIGN | DoS Hulk,BENIGN: 1 | DoS Hulk: 1,2,Thursday-WorkingHours-Afternoon-Infilteration.pcap_ISCX.csv | Wednesday-workingHours.pcap_ISCX.csv
691,2,2,BENIGN | DoS Hulk,BENIGN: 1 | DoS Hulk: 1,1,Wednesday-workingHours.pcap_ISCX.csv
692,2,2,BENIGN | DoS Hulk,BENIGN: 1 | DoS Hulk: 1,1,Wednesday-workingHours.pcap_ISCX.csv
693,2,2,BENIGN | DoS Hulk,BENIGN: 1 | DoS Hulk: 1,1,Wednesday-workingHours.pcap_ISCX.csv
694,2,2,BENIGN | DoS Hulk,BENIGN: 1 | DoS Hulk: 1,1,Wednesday-workingHours.pcap_ISCX.csv
695,2,2,BENIGN | DoS Hulk,BENIGN: 1 | DoS Hulk: 1,1,Wednesday-workingHours.pcap_ISCX.csv
696,2,2,BENIGN | DoS Hulk,BENIGN: 1 | DoS Hulk: 1,1,Wednesday-workingHours.pcap_ISCX.csv
697,2,2,BENIGN | DoS Hulk,BENIGN: 1 | DoS Hulk: 1,1,Wednesday-workingHours.pcap_ISCX.csv
